Workbook
Name B78X: #REF!

Sheet LEBL_10AUG2025
A1: ARCID | B1: ATYP | C1: ADEP | D1: ADES | E1: RM | F1: ARF | G1: ETD | H1: TT | I1: ETA | J1: Aircraft category | K1: Seats | L1: Flight_time(ETA-ETD) | M1: Arrivalf_time | N1: Average Speed(km/h) | O1: Category | Q1: Flight_Distance (km) | R1: Flight Airline | S1: ECAC
A2: RYR404A | B2: B738 | C2: LPPR | D2: LEBL | E2: EIDCJ | F2: 380 | G2: 0.95138889 | H2: 15 | I2: 0.0034722222 | J2: {=XLOOKUP(B2,cat!B:B,cat!C:C)} -> D | K2: {=XLOOKUP(B2,cat!B:B,cat!D:D)} -> 184 | L2: =mod(I2-G2,1) -> 0.052083333 | M2: =IF($D2="LEBL", IF($L2-(18.3/1440)-($H2/1440)<0, $L2-($H2/1440), $L2-(18.3/1440)-($H2/1440) ), "") -> 0.028958333 | N2: 910 | O2: A | Q2: =IFERROR(M2*24*XLOOKUP(J2,$O$2:$O$7,$N$2:$N$7), "") -> 576.85 | R2: =LEFT(A2,3) -> RYR | S2: =IF($D2="LEBL", IF(COUNTIF('Paises ECAC'!B:B, C2)>0, "ECAC","NO ECAC"), "") -> ECAC
A3: AEE713 | B3: A20N | C3: LEBL | D3: LGAV | E3: SXNEB | F3: 390 | G3: 0.013194444 | H3: 9 | I3: 0.11458333 | J3: {=XLOOKUP(B3,cat!B:B,cat!C:C)} -> D | K3: {=XLOOKUP(B3,cat!B:B,cat!D:D)} -> 180 | L3: =mod(I3-G3,1) -> 0.10138889 | M3: =IF($D3="LEBL", IF($L3-(18.3/1440)-($H3/1440)<0, $L3-($H3/1440), $L3-(18.3/1440)-($H3/1440) ), "") | N3: 900 | O3: B | Q3: =IFERROR(M3*24*XLOOKUP(J3,$O$2:$O$7,$N$2:$N$7), "") -> 0 | R3: =LEFT(A3,3) -> AEE | S3: =IF($D3="LEBL", IF(COUNTIF('Paises ECAC'!B:B, C3)>0, "ECAC","NO ECAC"), "")
A4: VLG7575 | B4: A320 | C4: GBYD | D4: LEBL | E4: ECLVV | F4: 380 | G4: 0.85069444 | H4: 10 | I4: 0.03125 | J4: {=XLOOKUP(B4,cat!B:B,cat!C:C)} -> D | K4: {=XLOOKUP(B4,cat!B:B,cat!D:D)} -> 173 | L4: =mod(I4-G4,1) -> 0.18055556 | M4: =IF($D4="LEBL", IF($L4-(18.3/1440)-($H4/1440)<0, $L4-($H4/1440), $L4-(18.3/1440)-($H4/1440) ), "") -> 0.16090278 | N4: 870 | O4: C | Q4: =IFERROR(M4*24*XLOOKUP(J4,$O$2:$O$7,$N$2:$N$7), "") -> 3205.1833 | R4: =LEFT(A4,3) -> VLG | S4: =IF($D4="LEBL", IF(COUNTIF('Paises ECAC'!B:B, C4)>0, "ECAC","NO ECAC"), "") -> NO ECAC
A5: VLG2479 | B5: A321 | C5: GCRR | D5: LEBL | E5: ECMQL | F5: 360 | G5: 0.92986111 | H5: 10 | I5: 0.041666667 | J5: {=XLOOKUP(B5,cat!B:B,cat!C:C)} -> D | K5: {=XLOOKUP(B5,cat!B:B,cat!D:D)} -> 207 | L5: =mod(I5-G5,1) -> 0.11180556 | M5: =IF($D5="LEBL", IF($L5-(18.3/1440)-($H5/1440)<0, $L5-($H5/1440), $L5-(18.3/1440)-($H5/1440) ), "") -> 0.092152778 | N5: 830 | O5: D | Q5: =IFERROR(M5*24*XLOOKUP(J5,$O$2:$O$7,$N$2:$N$7), "") -> 1835.6833 | R5: =LEFT(A5,3) -> VLG | S5: =IF($D5="LEBL", IF(COUNTIF('Paises ECAC'!B:B, C5)>0, "ECAC","NO ECAC"), "") -> ECAC
A6: RYR56YL | B6: B38M | C6: EIDW | D6: LEBL | E6: EIIHE | F6: 370 | G6: 0.96180556 | H6: 15 | I6: 0.045138889 | J6: {=XLOOKUP(B6,cat!B:B,cat!C:C)} -> D | K6: {=XLOOKUP(B6,cat!B:B,cat!D:D)} -> 186 | L6: =mod(I6-G6,1) -> 0.083333333 | M6: =IF($D6="LEBL", IF($L6-(18.3/1440)-($H6/1440)<0, $L6-($H6/1440), $L6-(18.3/1440)-($H6/1440) ), "") -> 0.060208333 | N6: 450 | O6: E | Q6: =IFERROR(M6*24*XLOOKUP(J6,$O$2:$O$7,$N$2:$N$7), "") -> 1199.35 | R6: =LEFT(A6,3) -> RYR | S6: =IF($D6="LEBL", IF(COUNTIF('Paises ECAC'!B:B, C6)>0, "ECAC","NO ECAC"), "") -> ECAC
A7: ANE3053 | B7: CRJX | C7: LEGE | D7: LEBL | E7: ECMLN | F7: 180 | G7: 0.027083333 | H7: 9 | I7: 0.048611111 | J7: {=XLOOKUP(B7,cat!B:B,cat!C:C)} -> E | K7: {=XLOOKUP(B7,cat!B:B,cat!D:D)} -> 100 | L7: =mod(I7-G7,1) -> 0.021527778 | M7: =IF($D7="LEBL", IF($L7-(18.3/1440)-($H7/1440)<0, $L7-($H7/1440), $L7-(18.3/1440)-($H7/1440) ), "") -> 0.0025694444 | N7: 180 | O7: F | Q7: =IFERROR(M7*24*XLOOKUP(J7,$O$2:$O$7,$N$2:$N$7), "") -> 27.75 | R7: =LEFT(A7,3) -> ANE | S7: =IF($D7="LEBL", IF(COUNTIF('Paises ECAC'!B:B, C7)>0, "ECAC","NO ECAC"), "") -> ECAC
A8: VLG7887 | B8: A320 | C8: GOBD | D8: LEBL | E8: ECMAI | F8: 380 | G8: 0.86805556 | H8: 10 | I8: 0.048611111 | J8: {=XLOOKUP(B8,cat!B:B,cat!C:C)} -> D | K8: {=XLOOKUP(B8,cat!B:B,cat!D:D)} -> 173 | L8: =mod(I8-G8,1) -> 0.18055556 | M8: =IF($D8="LEBL", IF($L8-(18.3/1440)-($H8/1440)<0, $L8-($H8/1440), $L8-(18.3/1440)-($H8/1440) ), "") -> 0.16090278 | Q8: =IFERROR(M8*24*XLOOKUP(J8,$O$2:$O$7,$N$2:$N$7), "") -> 3205.1833 | R8: =LEFT(A8,3) -> VLG | S8: =IF($D8="LEBL", IF(COUNTIF('Paises ECAC'!B:B, C8)>0, "ECAC","NO ECAC"), "") -> NO ECAC
A9: TVP7318 | B9: B38M | C9: LKPR | D9: LEBL | E9: OKSWF | F9: 370 | G9: 0.98680556 | H9: 7 | I9: 0.069444444 | J9: {=XLOOKUP(B9,cat!B:B,cat!C:C)} -> D | K9: {=XLOOKUP(B9,cat!B:B,cat!D:D)} -> 186 | L9: =mod(I9-G9,1) -> 0.082638889 | M9: =IF($D9="LEBL", IF($L9-(18.3/1440)-($H9/1440)<0, $L9-($H9/1440), $L9-(18.3/1440)-($H9/1440) ), "") -> 0.065069444 | P9: Slots | Q9: =IFERROR(M9*24*XLOOKUP(J9,$O$2:$O$7,$N$2:$N$7), "") -> 1296.1833 | R9: =LEFT(A9,3) -> TVP | S9: =IF($D9="LEBL", IF(COUNTIF('Paises ECAC'!B:B, C9)>0, "ECAC","NO ECAC"), "") -> ECAC
A10: IBE2602 | B10: A332 | C10: SAEZ | D10: LEBL | E10: ECNEN | F10: 400 | G10: 0.625 | H10: 10 | I10: 0.12152778 | J10: {=XLOOKUP(B10,cat!B:B,cat!C:C)} -> B | K10: {=XLOOKUP(B10,cat!B:B,cat!D:D)} -> 281 | L10: =mod(I10-G10,1) -> 0.49652778 | M10: =IF($D10="LEBL", IF($L10-(18.3/1440)-($H10/1440)<0, $L10-($H10/1440), $L10-(18.3/1440)-($H10/1440) ), "") -> 0.476875 | N10: AAR | O10: 40 | P10: 1.5 min | Q10: =IFERROR(M10*24*XLOOKUP(J10,$O$2:$O$7,$N$2:$N$7), "") -> 10300.5 | R10: =LEFT(A10,3) -> IBE | S10: =IF($D10="LEBL", IF(COUNTIF('Paises ECAC'!B:B, C10)>0, "ECAC","NO ECAC"), "") -> NO ECAC
A11: VLG101P | B11: A20N | C11: LFML | D11: LEBL | E11: ECNDA | F11: 290 | G11: 0.10277778 | H11: 6 | I11: 0.125 | J11: {=XLOOKUP(B11,cat!B:B,cat!C:C)} -> D | K11: {=XLOOKUP(B11,cat!B:B,cat!D:D)} -> 180 | L11: =mod(I11-G11,1) -> 0.022222222 | M11: =IF($D11="LEBL", IF($L11-(18.3/1440)-($H11/1440)<0, $L11-($H11/1440), $L11-(18.3/1440)-($H11/1440) ), "") -> 0.0053472222 | N11: PAAR | O11: 20 | P11: 3 min | Q11: =IFERROR(M11*24*XLOOKUP(J11,$O$2:$O$7,$N$2:$N$7), "") -> 106.51667 | R11: =LEFT(A11,3) -> VLG | S11: =IF($D11="LEBL", IF(COUNTIF('Paises ECAC'!B:B, C11)>0, "ECAC","NO ECAC"), "") -> ECAC
A12: TVP7319 | B12: B38M | C12: LEBL | D12: EPWA | E12: OKSWF | F12: 360 | G12: 0.12291667 | H12: 20 | I12: 0.23611111 | J12: {=XLOOKUP(B12,cat!B:B,cat!C:C)} -> D | K12: {=XLOOKUP(B12,cat!B:B,cat!D:D)} -> 186 | L12: =mod(I12-G12,1) -> 0.11319444 | M12: =IF($D12="LEBL", IF($L12-(18.3/1440)-($H12/1440)<0, $L12-($H12/1440), $L12-(18.3/1440)-($H12/1440) ), "") | Q12: =IFERROR(M12*24*XLOOKUP(J12,$O$2:$O$7,$N$2:$N$7), "") -> 0 | R12: =LEFT(A12,3) -> TVP | S12: =IF($D12="LEBL", IF(COUNTIF('Paises ECAC'!B:B, C12)>0, "ECAC","NO ECAC"), "")
A13: VLG72JR | B13: A320 | C13: LEBL | D13: GMTT | E13: ECMBE | F13: 350 | G13: 0.12708333 | H13: 8 | I13: 0.1875 | J13: {=XLOOKUP(B13,cat!B:B,cat!C:C)} -> D | K13: {=XLOOKUP(B13,cat!B:B,cat!D:D)} -> 173 | L13: =mod(I13-G13,1) -> 0.060416667 | M13: =IF($D13="LEBL", IF($L13-(18.3/1440)-($H13/1440)<0, $L13-($H13/1440), $L13-(18.3/1440)-($H13/1440) ), "") | N13: Hfile | O13: 0.25 | Q13: =IFERROR(M13*24*XLOOKUP(J13,$O$2:$O$7,$N$2:$N$7), "") -> 0 | R13: =LEFT(A13,3) -> VLG | S13: =IF($D13="LEBL", IF(COUNTIF('Paises ECAC'!B:B, C13)>0, "ECAC","NO ECAC"), "")
A14: VLG303P | B14: A320 | C14: LEBL | D14: LFPO | E14: ECKLT | F14: 380 | G14: 0.12986111 | H14: 17 | I14: 0.18402778 | J14: {=XLOOKUP(B14,cat!B:B,cat!C:C)} -> D | K14: {=XLOOKUP(B14,cat!B:B,cat!D:D)} -> 173 | L14: =mod(I14-G14,1) -> 0.054166667 | M14: =IF($D14="LEBL", IF($L14-(18.3/1440)-($H14/1440)<0, $L14-($H14/1440), $L14-(18.3/1440)-($H14/1440) ), "") | N14: Hstart | O14: 0.33333333 | Q14: =IFERROR(M14*24*XLOOKUP(J14,$O$2:$O$7,$N$2:$N$7), "") -> 0 | R14: =LEFT(A14,3) -> VLG | S14: =IF($D14="LEBL", IF(COUNTIF('Paises ECAC'!B:B, C14)>0, "ECAC","NO ECAC"), "")
A15: IBE2606 | B15: A332 | C15: SCEL | D15: LEBL | E15: ECNNH | F15: 400 | G15: 0.60763889 | H15: 10 | I15: 0.14236111 | J15: {=XLOOKUP(B15,cat!B:B,cat!C:C)} -> B | K15: {=XLOOKUP(B15,cat!B:B,cat!D:D)} -> 281 | L15: =mod(I15-G15,1) -> 0.53472222 | M15: =IF($D15="LEBL", IF($L15-(18.3/1440)-($H15/1440)<0, $L15-($H15/1440), $L15-(18.3/1440)-($H15/1440) ), "") -> 0.51506944 | N15: Hend | O15: 0.58333333 | Q15: =IFERROR(M15*24*XLOOKUP(J15,$O$2:$O$7,$N$2:$N$7), "") -> 11125.5 | R15: =LEFT(A15,3) -> IBE | S15: =IF($D15="LEBL", IF(COUNTIF('Paises ECAC'!B:B, C15)>0, "ECAC","NO ECAC"), "") -> NO ECAC
A16: VLG2008 | B16: A320 | C16: LEBL | D16: LICB | E16: ECMBS | F16: 390 | G16: 0.15416667 | H16: 12 | I16: 0.21875 | J16: {=XLOOKUP(B16,cat!B:B,cat!C:C)} -> D | K16: {=XLOOKUP(B16,cat!B:B,cat!D:D)} -> 173 | L16: =mod(I16-G16,1) -> 0.064583333 | M16: =IF($D16="LEBL", IF($L16-(18.3/1440)-($H16/1440)<0, $L16-($H16/1440), $L16-(18.3/1440)-($H16/1440) ), "") | Q16: =IFERROR(M16*24*XLOOKUP(J16,$O$2:$O$7,$N$2:$N$7), "") -> 0 | R16: =LEFT(A16,3) -> VLG | S16: =IF($D16="LEBL", IF(COUNTIF('Paises ECAC'!B:B, C16)>0, "ECAC","NO ECAC"), "")
A17: VLG6DZ | B17: A320 | C17: LGIR | D17: LEBL | E17: ECKHN | F17: 360 | G17: 0.045138889 | H17: 10 | I17: 0.15625 | J17: {=XLOOKUP(B17,cat!B:B,cat!C:C)} -> D | K17: {=XLOOKUP(B17,cat!B:B,cat!D:D)} -> 173 | L17: =mod(I17-G17,1) -> 0.11111111 | M17: =IF($D17="LEBL", IF($L17-(18.3/1440)-($H17/1440)<0, $L17-($H17/1440), $L17-(18.3/1440)-($H17/1440) ), "") -> 0.091458333 | Q17: =IFERROR(M17*24*XLOOKUP(J17,$O$2:$O$7,$N$2:$N$7), "") -> 1821.85 | R17: =LEFT(A17,3) -> VLG | S17: =IF($D17="LEBL", IF(COUNTIF('Paises ECAC'!B:B, C17)>0, "ECAC","NO ECAC"), "") -> ECAC
A18: VLG9YD | B18: A20N | C18: LEBL | D18: EKCH | E18: ECNCS | F18: 390 | G18: 0.15763889 | H18: 12 | I18: 0.26736111 | J18: {=XLOOKUP(B18,cat!B:B,cat!C:C)} -> D | K18: {=XLOOKUP(B18,cat!B:B,cat!D:D)} -> 180 | L18: =mod(I18-G18,1) -> 0.10972222 | M18: =IF($D18="LEBL", IF($L18-(18.3/1440)-($H18/1440)<0, $L18-($H18/1440), $L18-(18.3/1440)-($H18/1440) ), "") | Q18: =IFERROR(M18*24*XLOOKUP(J18,$O$2:$O$7,$N$2:$N$7), "") -> 0 | R18: =LEFT(A18,3) -> VLG | S18: =IF($D18="LEBL", IF(COUNTIF('Paises ECAC'!B:B, C18)>0, "ECAC","NO ECAC"), "")
A19: VLG7480 | B19: A320 | C19: LEBL | D19: DAOO | E19: ECODN | F19: 310 | G19: 0.15347222 | H19: 11 | I19: 0.20138889 | J19: {=XLOOKUP(B19,cat!B:B,cat!C:C)} -> D | K19: {=XLOOKUP(B19,cat!B:B,cat!D:D)} -> 173 | L19: =mod(I19-G19,1) -> 0.047916667 | M19: =IF($D19="LEBL", IF($L19-(18.3/1440)-($H19/1440)<0, $L19-($H19/1440), $L19-(18.3/1440)-($H19/1440) ), "") | Q19: =IFERROR(M19*24*XLOOKUP(J19,$O$2:$O$7,$N$2:$N$7), "") -> 0 | R19: =LEFT(A19,3) -> VLG | S19: =IF($D19="LEBL", IF(COUNTIF('Paises ECAC'!B:B, C19)>0, "ECAC","NO ECAC"), "")
A20: RYR26UP | B20: B738 | C20: LEBL | D20: EGNX | E20: 9HQFK | F20: 380 | G20: 0.17013889 | H20: 20 | I20: 0.24305556 | J20: {=XLOOKUP(B20,cat!B:B,cat!C:C)} -> D | K20: {=XLOOKUP(B20,cat!B:B,cat!D:D)} -> 184 | L20: =mod(I20-G20,1) -> 0.072916667 | M20: =IF($D20="LEBL", IF($L20-(18.3/1440)-($H20/1440)<0, $L20-($H20/1440), $L20-(18.3/1440)-($H20/1440) ), "") | Q20: =IFERROR(M20*24*XLOOKUP(J20,$O$2:$O$7,$N$2:$N$7), "") -> 0 | R20: =LEFT(A20,3) -> RYR | S20: =IF($D20="LEBL", IF(COUNTIF('Paises ECAC'!B:B, C20)>0, "ECAC","NO ECAC"), "")
A21: VLG94PH | B21: A320 | C21: LEBL | D21: LIMC | E21: ECOJG | F21: 300 | G21: 0.16666667 | H21: 8 | I21: 0.21180556 | J21: {=XLOOKUP(B21,cat!B:B,cat!C:C)} -> D | K21: {=XLOOKUP(B21,cat!B:B,cat!D:D)} -> 173 | L21: =mod(I21-G21,1) -> 0.045138889 | M21: =IF($D21="LEBL", IF($L21-(18.3/1440)-($H21/1440)<0, $L21-($H21/1440), $L21-(18.3/1440)-($H21/1440) ), "") | Q21: =IFERROR(M21*24*XLOOKUP(J21,$O$2:$O$7,$N$2:$N$7), "") -> 0 | R21: =LEFT(A21,3) -> VLG | S21: =IF($D21="LEBL", IF(COUNTIF('Paises ECAC'!B:B, C21)>0, "ECAC","NO ECAC"), "")
A22: RYR38AV | B22: B738 | C22: LEBL | D22: LIPZ | E22: EIDLD | F22: 380 | G22: 0.17013889 | H22: 20 | I22: 0.22569444 | J22: {=XLOOKUP(B22,cat!B:B,cat!C:C)} -> D | K22: {=XLOOKUP(B22,cat!B:B,cat!D:D)} -> 184 | L22: =mod(I22-G22,1) -> 0.055555556 | M22: =IF($D22="LEBL", IF($L22-(18.3/1440)-($H22/1440)<0, $L22-($H22/1440), $L22-(18.3/1440)-($H22/1440) ), "") | Q22: =IFERROR(M22*24*XLOOKUP(J22,$O$2:$O$7,$N$2:$N$7), "") -> 0 | R22: =LEFT(A22,3) -> RYR | S22: =IF($D22="LEBL", IF(COUNTIF('Paises ECAC'!B:B, C22)>0, "ECAC","NO ECAC"), "")
A23: VLG8113 | B23: A320 | C23: LGAV | D23: LEBL | E23: ECOFX | F23: 360 | G23: 0.070138889 | H23: 13 | I23: 0.17013889 | J23: {=XLOOKUP(B23,cat!B:B,cat!C:C)} -> D | K23: {=XLOOKUP(B23,cat!B:B,cat!D:D)} -> 173 | L23: =mod(I23-G23,1) -> 0.1 | M23: =IF($D23="LEBL", IF($L23-(18.3/1440)-($H23/1440)<0, $L23-($H23/1440), $L23-(18.3/1440)-($H23/1440) ), "") -> 0.078263889 | Q23: =IFERROR(M23*24*XLOOKUP(J23,$O$2:$O$7,$N$2:$N$7), "") -> 1559.0167 | R23: =LEFT(A23,3) -> VLG | S23: =IF($D23="LEBL", IF(COUNTIF('Paises ECAC'!B:B, C23)>0, "ECAC","NO ECAC"), "") -> ECAC
A24: RYR73JP | B24: B38M | C24: LEBL | D24: LIMF | E24: EIIHE | F24: 300 | G24: 0.17222222 | H24: 0 | I24: 0.22222222 | J24: {=XLOOKUP(B24,cat!B:B,cat!C:C)} -> D | K24: {=XLOOKUP(B24,cat!B:B,cat!D:D)} -> 186 | L24: =mod(I24-G24,1) -> 0.05 | M24: =IF($D24="LEBL", IF($L24-(18.3/1440)-($H24/1440)<0, $L24-($H24/1440), $L24-(18.3/1440)-($H24/1440) ), "") | Q24: =IFERROR(M24*24*XLOOKUP(J24,$O$2:$O$7,$N$2:$N$7), "") -> 0 | R24: =LEFT(A24,3) -> RYR | S24: =IF($D24="LEBL", IF(COUNTIF('Paises ECAC'!B:B, C24)>0, "ECAC","NO ECAC"), "")
A25: TAP1041 | B25: A321 | C25: LEBL | D25: LPPT | E25: CSTJE | F25: 330 | G25: 0.17916667 | H25: 8 | I25: 0.23958333 | J25: {=XLOOKUP(B25,cat!B:B,cat!C:C)} -> D | K25: {=XLOOKUP(B25,cat!B:B,cat!D:D)} -> 207 | L25: =mod(I25-G25,1) -> 0.060416667 | M25: =IF($D25="LEBL", IF($L25-(18.3/1440)-($H25/1440)<0, $L25-($H25/1440), $L25-(18.3/1440)-($H25/1440) ), "") | Q25: =IFERROR(M25*24*XLOOKUP(J25,$O$2:$O$7,$N$2:$N$7), "") -> 0 | R25: =LEFT(A25,3) -> TAP | S25: =IF($D25="LEBL", IF(COUNTIF('Paises ECAC'!B:B, C25)>0, "ECAC","NO ECAC"), "")
A26: RYR4WX | B26: B738 | C26: LEBL | D26: LFOB | E26: EIEBF | F26: 340 | G26: 0.18472222 | H26: 20 | I26: 0.23958333 | J26: {=XLOOKUP(B26,cat!B:B,cat!C:C)} -> D | K26: {=XLOOKUP(B26,cat!B:B,cat!D:D)} -> 184 | L26: =mod(I26-G26,1) -> 0.054861111 | M26: =IF($D26="LEBL", IF($L26-(18.3/1440)-($H26/1440)<0, $L26-($H26/1440), $L26-(18.3/1440)-($H26/1440) ), "") | Q26: =IFERROR(M26*24*XLOOKUP(J26,$O$2:$O$7,$N$2:$N$7), "") -> 0 | R26: =LEFT(A26,3) -> RYR | S26: =IF($D26="LEBL", IF(COUNTIF('Paises ECAC'!B:B, C26)>0, "ECAC","NO ECAC"), "")
A27: VLG5VH | B27: A320 | C27: LEBL | D27: LMML | E27: ECKRH | F27: 370 | G27: 0.17152778 | H27: 17 | I27: 0.25347222 | J27: {=XLOOKUP(B27,cat!B:B,cat!C:C)} -> D | K27: {=XLOOKUP(B27,cat!B:B,cat!D:D)} -> 173 | L27: =mod(I27-G27,1) -> 0.081944444 | M27: =IF($D27="LEBL", IF($L27-(18.3/1440)-($H27/1440)<0, $L27-($H27/1440), $L27-(18.3/1440)-($H27/1440) ), "") | Q27: =IFERROR(M27*24*XLOOKUP(J27,$O$2:$O$7,$N$2:$N$7), "") -> 0 | R27: =LEFT(A27,3) -> VLG | S27: =IF($D27="LEBL", IF(COUNTIF('Paises ECAC'!B:B, C27)>0, "ECAC","NO ECAC"), "")
... A1102: IBE2601 | B1102: A332 | C1102: LEBL | D1102: SAEZ | E1102: ECNRH | F1102: 400 | G1102: 0.9875 | H1102: 12 | I1102: 0.5 | J1102: {=XLOOKUP(B1102,cat!B:B,cat!C:C)} -> B | K1102: {=XLOOKUP(B1102,cat!B:B,cat!D:D)} -> 281 | L1102: =mod(I1102-G1102,1) -> 0.5125 | M1102: =IF($D1102="LEBL", IF($L1102-(18.3/1440)-($H1102/1440)<0, $L1102-($H1102/1440), $L1102-(18.3/1440)-($H1102/1440) ), "") | Q1102: =IFERROR(M1102*24*XLOOKUP(J1102,$O$2:$O$7,$N$2:$N$7), "") -> 0 | R1102: =LEFT(A1102,3) -> IBE | S1102: =IF($D1102="LEBL", IF(COUNTIF('Paises ECAC'!B:B, C1102)>0, "ECAC","NO ECAC"), "")

Sheet LLEGADAS
A1: ARCID | B1: ATYP | C1: ADEP | D1: ADES | E1: RM | F1: ARF | G1: ETD | H1: TT | I1: ETA | J1: Aircraft category | K1: Seats | L1: Flight_time(ETA-ETD) | M1: Arrivalf_time | O1: Flight_Distance (km) | P1: Flight Airline | Q1: ECAC
A2: =IFERROR(__xludf.DUMMYFUNCTION("FILTER(LEBL_10AUG2025!A:M, LEBL_10AUG2025!D:D = ""LEBL"")"),"RYR404A") -> RYR404A | B2: =IFERROR(__xludf.DUMMYFUNCTION("""COMPUTED_VALUE"""),"B738") -> B738 | C2: =IFERROR(__xludf.DUMMYFUNCTION("""COMPUTED_VALUE"""),"LPPR") -> LPPR | D2: =IFERROR(__xludf.DUMMYFUNCTION("""COMPUTED_VALUE"""),"LEBL") -> LEBL | E2: =IFERROR(__xludf.DUMMYFUNCTION("""COMPUTED_VALUE"""),"EIDCJ") -> EIDCJ | F2: =IFERROR(__xludf.DUMMYFUNCTION("""COMPUTED_VALUE"""),380.0) -> 380 | G2: =IFERROR(__xludf.DUMMYFUNCTION("""COMPUTED_VALUE"""),0.9513888888888888) -> 0.95138889 | H2: =IFERROR(__xludf.DUMMYFUNCTION("""COMPUTED_VALUE"""),15.0) -> 15 | I2: =IFERROR(__xludf.DUMMYFUNCTION("""COMPUTED_VALUE"""),0.003472222222222222) -> 0.0034722222 | J2: =IFERROR(__xludf.DUMMYFUNCTION("""COMPUTED_VALUE"""),"D") -> D | K2: =IFERROR(__xludf.DUMMYFUNCTION("""COMPUTED_VALUE"""),184.0) -> 184 | L2: =IFERROR(__xludf.DUMMYFUNCTION("""COMPUTED_VALUE"""),0.05208333333333337) -> 0.052083333 | M2: =IFERROR(__xludf.DUMMYFUNCTION("""COMPUTED_VALUE"""),0.02895833333333337) -> 0.028958333 | O2: =IFERROR(__xludf.DUMMYFUNCTION("FILTER(LEBL_10AUG2025!Q:S, LEBL_10AUG2025!D:D = ""LEBL"")"),576.8500000000008) -> 576.85 | P2: =IFERROR(__xludf.DUMMYFUNCTION("""COMPUTED_VALUE"""),"RYR") -> RYR | Q2: =IFERROR(__xludf.DUMMYFUNCTION("""COMPUTED_VALUE"""),"ECAC") -> ECAC
A3: =IFERROR(__xludf.DUMMYFUNCTION("""COMPUTED_VALUE"""),"VLG7575") -> VLG7575 | B3: =IFERROR(__xludf.DUMMYFUNCTION("""COMPUTED_VALUE"""),"A320") -> A320 | C3: =IFERROR(__xludf.DUMMYFUNCTION("""COMPUTED_VALUE"""),"GBYD") -> GBYD | D3: =IFERROR(__xludf.DUMMYFUNCTION("""COMPUTED_VALUE"""),"LEBL") -> LEBL | E3: =IFERROR(__xludf.DUMMYFUNCTION("""COMPUTED_VALUE"""),"ECLVV") -> ECLVV | F3: =IFERROR(__xludf.DUMMYFUNCTION("""COMPUTED_VALUE"""),380.0) -> 380 | G3: =IFERROR(__xludf.DUMMYFUNCTION("""COMPUTED_VALUE"""),0.8506944444444444) -> 0.85069444 | H3: =IFERROR(__xludf.DUMMYFUNCTION("""COMPUTED_VALUE"""),10.0) -> 10 | I3: =IFERROR(__xludf.DUMMYFUNCTION("""COMPUTED_VALUE"""),0.03125) -> 0.03125 | J3: =IFERROR(__xludf.DUMMYFUNCTION("""COMPUTED_VALUE"""),"D") -> D | K3: =IFERROR(__xludf.DUMMYFUNCTION("""COMPUTED_VALUE"""),173.0) -> 173 | L3: =IFERROR(__xludf.DUMMYFUNCTION("""COMPUTED_VALUE"""),0.18055555555555558) -> 0.18055556 | M3: =IFERROR(__xludf.DUMMYFUNCTION("""COMPUTED_VALUE"""),0.1609027777777778) -> 0.16090278 | O3: =IFERROR(__xludf.DUMMYFUNCTION("""COMPUTED_VALUE"""),3205.183333333334) -> 3205.1833 | P3: =IFERROR(__xludf.DUMMYFUNCTION("""COMPUTED_VALUE"""),"VLG") -> VLG | Q3: =IFERROR(__xludf.DUMMYFUNCTION("""COMPUTED_VALUE"""),"NO ECAC") -> NO ECAC
A4: =IFERROR(__xludf.DUMMYFUNCTION("""COMPUTED_VALUE"""),"VLG2479") -> VLG2479 | B4: =IFERROR(__xludf.DUMMYFUNCTION("""COMPUTED_VALUE"""),"A321") -> A321 | C4: =IFERROR(__xludf.DUMMYFUNCTION("""COMPUTED_VALUE"""),"GCRR") -> GCRR | D4: =IFERROR(__xludf.DUMMYFUNCTION("""COMPUTED_VALUE"""),"LEBL") -> LEBL | E4: =IFERROR(__xludf.DUMMYFUNCTION("""COMPUTED_VALUE"""),"ECMQL") -> ECMQL | F4: =IFERROR(__xludf.DUMMYFUNCTION("""COMPUTED_VALUE"""),360.0) -> 360 | G4: =IFERROR(__xludf.DUMMYFUNCTION("""COMPUTED_VALUE"""),0.9298611111111111) -> 0.92986111 | H4: =IFERROR(__xludf.DUMMYFUNCTION("""COMPUTED_VALUE"""),10.0) -> 10 | I4: =IFERROR(__xludf.DUMMYFUNCTION("""COMPUTED_VALUE"""),0.041666666666666664) -> 0.041666667 | J4: =IFERROR(__xludf.DUMMYFUNCTION("""COMPUTED_VALUE"""),"D") -> D | K4: =IFERROR(__xludf.DUMMYFUNCTION("""COMPUTED_VALUE"""),207.0) -> 207 | L4: =IFERROR(__xludf.DUMMYFUNCTION("""COMPUTED_VALUE"""),0.11180555555555549) -> 0.11180556 | M4: =IFERROR(__xludf.DUMMYFUNCTION("""COMPUTED_VALUE"""),0.09215277777777771) -> 0.092152778 | O4: =IFERROR(__xludf.DUMMYFUNCTION("""COMPUTED_VALUE"""),1835.683333333332) -> 1835.6833 | P4: =IFERROR(__xludf.DUMMYFUNCTION("""COMPUTED_VALUE"""),"VLG") -> VLG | Q4: =IFERROR(__xludf.DUMMYFUNCTION("""COMPUTED_VALUE"""),"ECAC") -> ECAC
A5: =IFERROR(__xludf.DUMMYFUNCTION("""COMPUTED_VALUE"""),"RYR56YL") -> RYR56YL | B5: =IFERROR(__xludf.DUMMYFUNCTION("""COMPUTED_VALUE"""),"B38M") -> B38M | C5: =IFERROR(__xludf.DUMMYFUNCTION("""COMPUTED_VALUE"""),"EIDW") -> EIDW | D5: =IFERROR(__xludf.DUMMYFUNCTION("""COMPUTED_VALUE"""),"LEBL") -> LEBL | E5: =IFERROR(__xludf.DUMMYFUNCTION("""COMPUTED_VALUE"""),"EIIHE") -> EIIHE | F5: =IFERROR(__xludf.DUMMYFUNCTION("""COMPUTED_VALUE"""),370.0) -> 370 | G5: =IFERROR(__xludf.DUMMYFUNCTION("""COMPUTED_VALUE"""),0.9618055555555556) -> 0.96180556 | H5: =IFERROR(__xludf.DUMMYFUNCTION("""COMPUTED_VALUE"""),15.0) -> 15 | I5: =IFERROR(__xludf.DUMMYFUNCTION("""COMPUTED_VALUE"""),0.04513888888888889) -> 0.045138889 | J5: =IFERROR(__xludf.DUMMYFUNCTION("""COMPUTED_VALUE"""),"D") -> D | K5: =IFERROR(__xludf.DUMMYFUNCTION("""COMPUTED_VALUE"""),186.0) -> 186 | L5: =IFERROR(__xludf.DUMMYFUNCTION("""COMPUTED_VALUE"""),0.08333333333333326) -> 0.083333333 | M5: =IFERROR(__xludf.DUMMYFUNCTION("""COMPUTED_VALUE"""),0.06020833333333326) -> 0.060208333 | O5: =IFERROR(__xludf.DUMMYFUNCTION("""COMPUTED_VALUE"""),1199.3499999999985) -> 1199.35 | P5: =IFERROR(__xludf.DUMMYFUNCTION("""COMPUTED_VALUE"""),"RYR") -> RYR | Q5: =IFERROR(__xludf.DUMMYFUNCTION("""COMPUTED_VALUE"""),"ECAC") -> ECAC
A6: =IFERROR(__xludf.DUMMYFUNCTION("""COMPUTED_VALUE"""),"ANE3053") -> ANE3053 | B6: =IFERROR(__xludf.DUMMYFUNCTION("""COMPUTED_VALUE"""),"CRJX") -> CRJX | C6: =IFERROR(__xludf.DUMMYFUNCTION("""COMPUTED_VALUE"""),"LEGE") -> LEGE | D6: =IFERROR(__xludf.DUMMYFUNCTION("""COMPUTED_VALUE"""),"LEBL") -> LEBL | E6: =IFERROR(__xludf.DUMMYFUNCTION("""COMPUTED_VALUE"""),"ECMLN") -> ECMLN | F6: =IFERROR(__xludf.DUMMYFUNCTION("""COMPUTED_VALUE"""),180.0) -> 180 | G6: =IFERROR(__xludf.DUMMYFUNCTION("""COMPUTED_VALUE"""),0.027083333333333334) -> 0.027083333 | H6: =IFERROR(__xludf.DUMMYFUNCTION("""COMPUTED_VALUE"""),9.0) -> 9 | I6: =IFERROR(__xludf.DUMMYFUNCTION("""COMPUTED_VALUE"""),0.04861111111111111) -> 0.048611111 | J6: =IFERROR(__xludf.DUMMYFUNCTION("""COMPUTED_VALUE"""),"E") -> E | K6: =IFERROR(__xludf.DUMMYFUNCTION("""COMPUTED_VALUE"""),100.0) -> 100 | L6: =IFERROR(__xludf.DUMMYFUNCTION("""COMPUTED_VALUE"""),0.021527777777777778) -> 0.021527778 | M6: =IFERROR(__xludf.DUMMYFUNCTION("""COMPUTED_VALUE"""),0.0025694444444444436) -> 0.0025694444 | O6: =IFERROR(__xludf.DUMMYFUNCTION("""COMPUTED_VALUE"""),27.749999999999993) -> 27.75 | P6: =IFERROR(__xludf.DUMMYFUNCTION("""COMPUTED_VALUE"""),"ANE") -> ANE | Q6: =IFERROR(__xludf.DUMMYFUNCTION("""COMPUTED_VALUE"""),"ECAC") -> ECAC
A7: =IFERROR(__xludf.DUMMYFUNCTION("""COMPUTED_VALUE"""),"VLG7887") -> VLG7887 | B7: =IFERROR(__xludf.DUMMYFUNCTION("""COMPUTED_VALUE"""),"A320") -> A320 | C7: =IFERROR(__xludf.DUMMYFUNCTION("""COMPUTED_VALUE"""),"GOBD") -> GOBD | D7: =IFERROR(__xludf.DUMMYFUNCTION("""COMPUTED_VALUE"""),"LEBL") -> LEBL | E7: =IFERROR(__xludf.DUMMYFUNCTION("""COMPUTED_VALUE"""),"ECMAI") -> ECMAI | F7: =IFERROR(__xludf.DUMMYFUNCTION("""COMPUTED_VALUE"""),380.0) -> 380 | G7: =IFERROR(__xludf.DUMMYFUNCTION("""COMPUTED_VALUE"""),0.8680555555555556) -> 0.86805556 | H7: =IFERROR(__xludf.DUMMYFUNCTION("""COMPUTED_VALUE"""),10.0) -> 10 | I7: =IFERROR(__xludf.DUMMYFUNCTION("""COMPUTED_VALUE"""),0.04861111111111111) -> 0.048611111 | J7: =IFERROR(__xludf.DUMMYFUNCTION("""COMPUTED_VALUE"""),"D") -> D | K7: =IFERROR(__xludf.DUMMYFUNCTION("""COMPUTED_VALUE"""),173.0) -> 173 | L7: =IFERROR(__xludf.DUMMYFUNCTION("""COMPUTED_VALUE"""),0.18055555555555558) -> 0.18055556 | M7: =IFERROR(__xludf.DUMMYFUNCTION("""COMPUTED_VALUE"""),0.1609027777777778) -> 0.16090278 | O7: =IFERROR(__xludf.DUMMYFUNCTION("""COMPUTED_VALUE"""),3205.183333333334) -> 3205.1833 | P7: =IFERROR(__xludf.DUMMYFUNCTION("""COMPUTED_VALUE"""),"VLG") -> VLG | Q7: =IFERROR(__xludf.DUMMYFUNCTION("""COMPUTED_VALUE"""),"NO ECAC") -> NO ECAC
A8: =IFERROR(__xludf.DUMMYFUNCTION("""COMPUTED_VALUE"""),"TVP7318") -> TVP7318 | B8: =IFERROR(__xludf.DUMMYFUNCTION("""COMPUTED_VALUE"""),"B38M") -> B38M | C8: =IFERROR(__xludf.DUMMYFUNCTION("""COMPUTED_VALUE"""),"LKPR") -> LKPR | D8: =IFERROR(__xludf.DUMMYFUNCTION("""COMPUTED_VALUE"""),"LEBL") -> LEBL | E8: =IFERROR(__xludf.DUMMYFUNCTION("""COMPUTED_VALUE"""),"OKSWF") -> OKSWF | F8: =IFERROR(__xludf.DUMMYFUNCTION("""COMPUTED_VALUE"""),370.0) -> 370 | G8: =IFERROR(__xludf.DUMMYFUNCTION("""COMPUTED_VALUE"""),0.9868055555555556) -> 0.98680556 | H8: =IFERROR(__xludf.DUMMYFUNCTION("""COMPUTED_VALUE"""),7.0) -> 7 | I8: =IFERROR(__xludf.DUMMYFUNCTION("""COMPUTED_VALUE"""),0.06944444444444445) -> 0.069444444 | J8: =IFERROR(__xludf.DUMMYFUNCTION("""COMPUTED_VALUE"""),"D") -> D | K8: =IFERROR(__xludf.DUMMYFUNCTION("""COMPUTED_VALUE"""),186.0) -> 186 | L8: =IFERROR(__xludf.DUMMYFUNCTION("""COMPUTED_VALUE"""),0.08263888888888882) -> 0.082638889 | M8: =IFERROR(__xludf.DUMMYFUNCTION("""COMPUTED_VALUE"""),0.06506944444444437) -> 0.065069444 | O8: =IFERROR(__xludf.DUMMYFUNCTION("""COMPUTED_VALUE"""),1296.183333333332) -> 1296.1833 | P8: =IFERROR(__xludf.DUMMYFUNCTION("""COMPUTED_VALUE"""),"TVP") -> TVP | Q8: =IFERROR(__xludf.DUMMYFUNCTION("""COMPUTED_VALUE"""),"ECAC") -> ECAC
A9: =IFERROR(__xludf.DUMMYFUNCTION("""COMPUTED_VALUE"""),"IBE2602") -> IBE2602 | B9: =IFERROR(__xludf.DUMMYFUNCTION("""COMPUTED_VALUE"""),"A332") -> A332 | C9: =IFERROR(__xludf.DUMMYFUNCTION("""COMPUTED_VALUE"""),"SAEZ") -> SAEZ | D9: =IFERROR(__xludf.DUMMYFUNCTION("""COMPUTED_VALUE"""),"LEBL") -> LEBL | E9: =IFERROR(__xludf.DUMMYFUNCTION("""COMPUTED_VALUE"""),"ECNEN") -> ECNEN | F9: =IFERROR(__xludf.DUMMYFUNCTION("""COMPUTED_VALUE"""),400.0) -> 400 | G9: =IFERROR(__xludf.DUMMYFUNCTION("""COMPUTED_VALUE"""),0.625) -> 0.625 | H9: =IFERROR(__xludf.DUMMYFUNCTION("""COMPUTED_VALUE"""),10.0) -> 10 | I9: =IFERROR(__xludf.DUMMYFUNCTION("""COMPUTED_VALUE"""),0.12152777777777778) -> 0.12152778 | J9: =IFERROR(__xludf.DUMMYFUNCTION("""COMPUTED_VALUE"""),"B") -> B | K9: =IFERROR(__xludf.DUMMYFUNCTION("""COMPUTED_VALUE"""),281.0) -> 281 | L9: =IFERROR(__xludf.DUMMYFUNCTION("""COMPUTED_VALUE"""),0.4965277777777778) -> 0.49652778 | M9: =IFERROR(__xludf.DUMMYFUNCTION("""COMPUTED_VALUE"""),0.47687500000000005) -> 0.476875 | O9: =IFERROR(__xludf.DUMMYFUNCTION("""COMPUTED_VALUE"""),10300.5) -> 10300.5 | P9: =IFERROR(__xludf.DUMMYFUNCTION("""COMPUTED_VALUE"""),"IBE") -> IBE | Q9: =IFERROR(__xludf.DUMMYFUNCTION("""COMPUTED_VALUE"""),"NO ECAC") -> NO ECAC
A10: =IFERROR(__xludf.DUMMYFUNCTION("""COMPUTED_VALUE"""),"VLG101P") -> VLG101P | B10: =IFERROR(__xludf.DUMMYFUNCTION("""COMPUTED_VALUE"""),"A20N") -> A20N | C10: =IFERROR(__xludf.DUMMYFUNCTION("""COMPUTED_VALUE"""),"LFML") -> LFML | D10: =IFERROR(__xludf.DUMMYFUNCTION("""COMPUTED_VALUE"""),"LEBL") -> LEBL | E10: =IFERROR(__xludf.DUMMYFUNCTION("""COMPUTED_VALUE"""),"ECNDA") -> ECNDA | F10: =IFERROR(__xludf.DUMMYFUNCTION("""COMPUTED_VALUE"""),290.0) -> 290 | G10: =IFERROR(__xludf.DUMMYFUNCTION("""COMPUTED_VALUE"""),0.10277777777777777) -> 0.10277778 | H10: =IFERROR(__xludf.DUMMYFUNCTION("""COMPUTED_VALUE"""),6.0) -> 6 | I10: =IFERROR(__xludf.DUMMYFUNCTION("""COMPUTED_VALUE"""),0.125) -> 0.125 | J10: =IFERROR(__xludf.DUMMYFUNCTION("""COMPUTED_VALUE"""),"D") -> D | K10: =IFERROR(__xludf.DUMMYFUNCTION("""COMPUTED_VALUE"""),180.0) -> 180 | L10: =IFERROR(__xludf.DUMMYFUNCTION("""COMPUTED_VALUE"""),0.022222222222222227) -> 0.022222222 | M10: =IFERROR(__xludf.DUMMYFUNCTION("""COMPUTED_VALUE"""),0.005347222222222226) -> 0.0053472222 | O10: =IFERROR(__xludf.DUMMYFUNCTION("""COMPUTED_VALUE"""),106.51666666666675) -> 106.51667 | P10: =IFERROR(__xludf.DUMMYFUNCTION("""COMPUTED_VALUE"""),"VLG") -> VLG | Q10: =IFERROR(__xludf.DUMMYFUNCTION("""COMPUTED_VALUE"""),"ECAC") -> ECAC
A11: =IFERROR(__xludf.DUMMYFUNCTION("""COMPUTED_VALUE"""),"IBE2606") -> IBE2606 | B11: =IFERROR(__xludf.DUMMYFUNCTION("""COMPUTED_VALUE"""),"A332") -> A332 | C11: =IFERROR(__xludf.DUMMYFUNCTION("""COMPUTED_VALUE"""),"SCEL") -> SCEL | D11: =IFERROR(__xludf.DUMMYFUNCTION("""COMPUTED_VALUE"""),"LEBL") -> LEBL | E11: =IFERROR(__xludf.DUMMYFUNCTION("""COMPUTED_VALUE"""),"ECNNH") -> ECNNH | F11: =IFERROR(__xludf.DUMMYFUNCTION("""COMPUTED_VALUE"""),400.0) -> 400 | G11: =IFERROR(__xludf.DUMMYFUNCTION("""COMPUTED_VALUE"""),0.6076388888888888) -> 0.60763889 | H11: =IFERROR(__xludf.DUMMYFUNCTION("""COMPUTED_VALUE"""),10.0) -> 10 | I11: =IFERROR(__xludf.DUMMYFUNCTION("""COMPUTED_VALUE"""),0.1423611111111111) -> 0.14236111 | J11: =IFERROR(__xludf.DUMMYFUNCTION("""COMPUTED_VALUE"""),"B") -> B | K11: =IFERROR(__xludf.DUMMYFUNCTION("""COMPUTED_VALUE"""),281.0) -> 281 | L11: =IFERROR(__xludf.DUMMYFUNCTION("""COMPUTED_VALUE"""),0.5347222222222223) -> 0.53472222 | M11: =IFERROR(__xludf.DUMMYFUNCTION("""COMPUTED_VALUE"""),0.5150694444444446) -> 0.51506944 | O11: =IFERROR(__xludf.DUMMYFUNCTION("""COMPUTED_VALUE"""),11125.500000000004) -> 11125.5 | P11: =IFERROR(__xludf.DUMMYFUNCTION("""COMPUTED_VALUE"""),"IBE") -> IBE | Q11: =IFERROR(__xludf.DUMMYFUNCTION("""COMPUTED_VALUE"""),"NO ECAC") -> NO ECAC
A12: =IFERROR(__xludf.DUMMYFUNCTION("""COMPUTED_VALUE"""),"VLG6DZ") -> VLG6DZ | B12: =IFERROR(__xludf.DUMMYFUNCTION("""COMPUTED_VALUE"""),"A320") -> A320 | C12: =IFERROR(__xludf.DUMMYFUNCTION("""COMPUTED_VALUE"""),"LGIR") -> LGIR | D12: =IFERROR(__xludf.DUMMYFUNCTION("""COMPUTED_VALUE"""),"LEBL") -> LEBL | E12: =IFERROR(__xludf.DUMMYFUNCTION("""COMPUTED_VALUE"""),"ECKHN") -> ECKHN | F12: =IFERROR(__xludf.DUMMYFUNCTION("""COMPUTED_VALUE"""),360.0) -> 360 | G12: =IFERROR(__xludf.DUMMYFUNCTION("""COMPUTED_VALUE"""),0.04513888888888889) -> 0.045138889 | H12: =IFERROR(__xludf.DUMMYFUNCTION("""COMPUTED_VALUE"""),10.0) -> 10 | I12: =IFERROR(__xludf.DUMMYFUNCTION("""COMPUTED_VALUE"""),0.15625) -> 0.15625 | J12: =IFERROR(__xludf.DUMMYFUNCTION("""COMPUTED_VALUE"""),"D") -> D | K12: =IFERROR(__xludf.DUMMYFUNCTION("""COMPUTED_VALUE"""),173.0) -> 173 | L12: =IFERROR(__xludf.DUMMYFUNCTION("""COMPUTED_VALUE"""),0.1111111111111111) -> 0.11111111 | M12: =IFERROR(__xludf.DUMMYFUNCTION("""COMPUTED_VALUE"""),0.09145833333333332) -> 0.091458333 | O12: =IFERROR(__xludf.DUMMYFUNCTION("""COMPUTED_VALUE"""),1821.85) -> 1821.85 | P12: =IFERROR(__xludf.DUMMYFUNCTION("""COMPUTED_VALUE"""),"VLG") -> VLG | Q12: =IFERROR(__xludf.DUMMYFUNCTION("""COMPUTED_VALUE"""),"ECAC") -> ECAC
A13: =IFERROR(__xludf.DUMMYFUNCTION("""COMPUTED_VALUE"""),"VLG8113") -> VLG8113 | B13: =IFERROR(__xludf.DUMMYFUNCTION("""COMPUTED_VALUE"""),"A320") -> A320 | C13: =IFERROR(__xludf.DUMMYFUNCTION("""COMPUTED_VALUE"""),"LGAV") -> LGAV | D13: =IFERROR(__xludf.DUMMYFUNCTION("""COMPUTED_VALUE"""),"LEBL") -> LEBL | E13: =IFERROR(__xludf.DUMMYFUNCTION("""COMPUTED_VALUE"""),"ECOFX") -> ECOFX | F13: =IFERROR(__xludf.DUMMYFUNCTION("""COMPUTED_VALUE"""),360.0) -> 360 | G13: =IFERROR(__xludf.DUMMYFUNCTION("""COMPUTED_VALUE"""),0.07013888888888889) -> 0.070138889 | H13: =IFERROR(__xludf.DUMMYFUNCTION("""COMPUTED_VALUE"""),13.0) -> 13 | I13: =IFERROR(__xludf.DUMMYFUNCTION("""COMPUTED_VALUE"""),0.1701388888888889) -> 0.17013889 | J13: =IFERROR(__xludf.DUMMYFUNCTION("""COMPUTED_VALUE"""),"D") -> D | K13: =IFERROR(__xludf.DUMMYFUNCTION("""COMPUTED_VALUE"""),173.0) -> 173 | L13: =IFERROR(__xludf.DUMMYFUNCTION("""COMPUTED_VALUE"""),0.1) -> 0.1 | M13: =IFERROR(__xludf.DUMMYFUNCTION("""COMPUTED_VALUE"""),0.0782638888888889) -> 0.078263889 | O13: =IFERROR(__xludf.DUMMYFUNCTION("""COMPUTED_VALUE"""),1559.0166666666667) -> 1559.0167 | P13: =IFERROR(__xludf.DUMMYFUNCTION("""COMPUTED_VALUE"""),"VLG") -> VLG | Q13: =IFERROR(__xludf.DUMMYFUNCTION("""COMPUTED_VALUE"""),"ECAC") -> ECAC
A14: =IFERROR(__xludf.DUMMYFUNCTION("""COMPUTED_VALUE"""),"SIA388") -> SIA388 | B14: =IFERROR(__xludf.DUMMYFUNCTION("""COMPUTED_VALUE"""),"A359") -> A359 | C14: =IFERROR(__xludf.DUMMYFUNCTION("""COMPUTED_VALUE"""),"WSSS") -> WSSS | D14: =IFERROR(__xludf.DUMMYFUNCTION("""COMPUTED_VALUE"""),"LEBL") -> LEBL | E14: =IFERROR(__xludf.DUMMYFUNCTION("""COMPUTED_VALUE"""),"9VSMK") -> 9VSMK | F14: =IFERROR(__xludf.DUMMYFUNCTION("""COMPUTED_VALUE"""),400.0) -> 400 | G14: =IFERROR(__xludf.DUMMYFUNCTION("""COMPUTED_VALUE"""),0.65625) -> 0.65625 | H14: =IFERROR(__xludf.DUMMYFUNCTION("""COMPUTED_VALUE"""),10.0) -> 10 | I14: =IFERROR(__xludf.DUMMYFUNCTION("""COMPUTED_VALUE"""),0.18055555555555555) -> 0.18055556 | J14: =IFERROR(__xludf.DUMMYFUNCTION("""COMPUTED_VALUE"""),"B") -> B | K14: =IFERROR(__xludf.DUMMYFUNCTION("""COMPUTED_VALUE"""),297.0) -> 297 | L14: =IFERROR(__xludf.DUMMYFUNCTION("""COMPUTED_VALUE"""),0.5243055555555556) -> 0.52430556 | M14: =IFERROR(__xludf.DUMMYFUNCTION("""COMPUTED_VALUE"""),0.5046527777777778) -> 0.50465278 | O14: =IFERROR(__xludf.DUMMYFUNCTION("""COMPUTED_VALUE"""),10900.500000000002) -> 10900.5 | P14: =IFERROR(__xludf.DUMMYFUNCTION("""COMPUTED_VALUE"""),"SIA") -> SIA | Q14: =IFERROR(__xludf.DUMMYFUNCTION("""COMPUTED_VALUE"""),"NO ECAC") -> NO ECAC
A15: =IFERROR(__xludf.DUMMYFUNCTION("""COMPUTED_VALUE"""),"AAL66") -> AAL66 | B15: =IFERROR(__xludf.DUMMYFUNCTION("""COMPUTED_VALUE"""),"B772") -> B772 | C15: =IFERROR(__xludf.DUMMYFUNCTION("""COMPUTED_VALUE"""),"KJFK") -> KJFK | D15: =IFERROR(__xludf.DUMMYFUNCTION("""COMPUTED_VALUE"""),"LEBL") -> LEBL | E15: =IFERROR(__xludf.DUMMYFUNCTION("""COMPUTED_VALUE"""),"N795AN") -> N795AN | F15: =IFERROR(__xludf.DUMMYFUNCTION("""COMPUTED_VALUE"""),390.0) -> 390 | G15: =IFERROR(__xludf.DUMMYFUNCTION("""COMPUTED_VALUE"""),0.9069444444444444) -> 0.90694444 | H15: =IFERROR(__xludf.DUMMYFUNCTION("""COMPUTED_VALUE"""),36.0) -> 36 | I15: =IFERROR(__xludf.DUMMYFUNCTION("""COMPUTED_VALUE"""),0.1840277777777778) -> 0.18402778 | J15: =IFERROR(__xludf.DUMMYFUNCTION("""COMPUTED_VALUE"""),"B") -> B | K15: =IFERROR(__xludf.DUMMYFUNCTION("""COMPUTED_VALUE"""),296.0) -> 296 | L15: =IFERROR(__xludf.DUMMYFUNCTION("""COMPUTED_VALUE"""),0.27708333333333335) -> 0.27708333 | M15: =IFERROR(__xludf.DUMMYFUNCTION("""COMPUTED_VALUE"""),0.23937500000000003) -> 0.239375 | O15: =IFERROR(__xludf.DUMMYFUNCTION("""COMPUTED_VALUE"""),5170.500000000001) -> 5170.5 | P15: =IFERROR(__xludf.DUMMYFUNCTION("""COMPUTED_VALUE"""),"AAL") -> AAL | Q15: =IFERROR(__xludf.DUMMYFUNCTION("""COMPUTED_VALUE"""),"NO ECAC") -> NO ECAC
A16: =IFERROR(__xludf.DUMMYFUNCTION("""COMPUTED_VALUE"""),"ETD1HA") -> ETD1HA | B16: =IFERROR(__xludf.DUMMYFUNCTION("""COMPUTED_VALUE"""),"B78X") -> B78X | C16: =IFERROR(__xludf.DUMMYFUNCTION("""COMPUTED_VALUE"""),"OMAA") -> OMAA | D16: =IFERROR(__xludf.DUMMYFUNCTION("""COMPUTED_VALUE"""),"LEBL") -> LEBL | E16: =IFERROR(__xludf.DUMMYFUNCTION("""COMPUTED_VALUE"""),"A6BMI") -> A6BMI | F16: =IFERROR(__xludf.DUMMYFUNCTION("""COMPUTED_VALUE"""),380.0) -> 380 | G16: =IFERROR(__xludf.DUMMYFUNCTION("""COMPUTED_VALUE"""),0.9340277777777778) -> 0.93402778 | H16: =IFERROR(__xludf.DUMMYFUNCTION("""COMPUTED_VALUE"""),10.0) -> 10 | I16: =IFERROR(__xludf.DUMMYFUNCTION("""COMPUTED_VALUE"""),0.2013888888888889) -> 0.20138889 | J16: =IFERROR(__xludf.DUMMYFUNCTION("""COMPUTED_VALUE"""),"B") -> B | K16: =IFERROR(__xludf.DUMMYFUNCTION("""COMPUTED_VALUE"""),327.0) -> 327 | L16: =IFERROR(__xludf.DUMMYFUNCTION("""COMPUTED_VALUE"""),0.26736111111111116) -> 0.26736111 | M16: =IFERROR(__xludf.DUMMYFUNCTION("""COMPUTED_VALUE"""),0.2477083333333334) -> 0.24770833 | O16: =IFERROR(__xludf.DUMMYFUNCTION("""COMPUTED_VALUE"""),5350.500000000001) -> 5350.5 | P16: =IFERROR(__xludf.DUMMYFUNCTION("""COMPUTED_VALUE"""),"ETD") -> ETD | Q16: =IFERROR(__xludf.DUMMYFUNCTION("""COMPUTED_VALUE"""),"NO ECAC") -> NO ECAC
A17: =IFERROR(__xludf.DUMMYFUNCTION("""COMPUTED_VALUE"""),"QTR68R") -> QTR68R | B17: =IFERROR(__xludf.DUMMYFUNCTION("""COMPUTED_VALUE"""),"B789") -> B789 | C17: =IFERROR(__xludf.DUMMYFUNCTION("""COMPUTED_VALUE"""),"OTHH") -> OTHH | D17: =IFERROR(__xludf.DUMMYFUNCTION("""COMPUTED_VALUE"""),"LEBL") -> LEBL | E17: =IFERROR(__xludf.DUMMYFUNCTION("""COMPUTED_VALUE"""),"A7BHF") -> A7BHF | F17: =IFERROR(__xludf.DUMMYFUNCTION("""COMPUTED_VALUE"""),380.0) -> 380 | G17: =IFERROR(__xludf.DUMMYFUNCTION("""COMPUTED_VALUE"""),0.9548611111111112) -> 0.95486111 | H17: =IFERROR(__xludf.DUMMYFUNCTION("""COMPUTED_VALUE"""),10.0) -> 10 | I17: =IFERROR(__xludf.DUMMYFUNCTION("""COMPUTED_VALUE"""),0.2048611111111111) -> 0.20486111 | J17: =IFERROR(__xludf.DUMMYFUNCTION("""COMPUTED_VALUE"""),"B") -> B | K17: =IFERROR(__xludf.DUMMYFUNCTION("""COMPUTED_VALUE"""),284.0) -> 284 | L17: =IFERROR(__xludf.DUMMYFUNCTION("""COMPUTED_VALUE"""),0.25) -> 0.25 | M17: =IFERROR(__xludf.DUMMYFUNCTION("""COMPUTED_VALUE"""),0.23034722222222223) -> 0.23034722 | O17: =IFERROR(__xludf.DUMMYFUNCTION("""COMPUTED_VALUE"""),4975.5) -> 4975.5 | P17: =IFERROR(__xludf.DUMMYFUNCTION("""COMPUTED_VALUE"""),"QTR") -> QTR | Q17: =IFERROR(__xludf.DUMMYFUNCTION("""COMPUTED_VALUE"""),"NO ECAC") -> NO ECAC
A18: =IFERROR(__xludf.DUMMYFUNCTION("""COMPUTED_VALUE"""),"DAL250") -> DAL250 | B18: =IFERROR(__xludf.DUMMYFUNCTION("""COMPUTED_VALUE"""),"A339") -> A339 | C18: =IFERROR(__xludf.DUMMYFUNCTION("""COMPUTED_VALUE"""),"KBOS") -> KBOS | D18: =IFERROR(__xludf.DUMMYFUNCTION("""COMPUTED_VALUE"""),"LEBL") -> LEBL | E18: =IFERROR(__xludf.DUMMYFUNCTION("""COMPUTED_VALUE"""),"N401DZ") -> N401DZ | F18: =IFERROR(__xludf.DUMMYFUNCTION("""COMPUTED_VALUE"""),410.0) -> 410 | G18: =IFERROR(__xludf.DUMMYFUNCTION("""COMPUTED_VALUE"""),0.9298611111111111) -> 0.92986111 | H18: =IFERROR(__xludf.DUMMYFUNCTION("""COMPUTED_VALUE"""),19.0) -> 19 | I18: =IFERROR(__xludf.DUMMYFUNCTION("""COMPUTED_VALUE"""),0.21180555555555555) -> 0.21180556 | J18: =IFERROR(__xludf.DUMMYFUNCTION("""COMPUTED_VALUE"""),"B") -> B | K18: =IFERROR(__xludf.DUMMYFUNCTION("""COMPUTED_VALUE"""),281.0) -> 281 | L18: =IFERROR(__xludf.DUMMYFUNCTION("""COMPUTED_VALUE"""),0.28194444444444444) -> 0.28194444 | M18: =IFERROR(__xludf.DUMMYFUNCTION("""COMPUTED_VALUE"""),0.25604166666666667) -> 0.25604167 | O18: =IFERROR(__xludf.DUMMYFUNCTION("""COMPUTED_VALUE"""),5530.5) -> 5530.5 | P18: =IFERROR(__xludf.DUMMYFUNCTION("""COMPUTED_VALUE"""),"DAL") -> DAL | Q18: =IFERROR(__xludf.DUMMYFUNCTION("""COMPUTED_VALUE"""),"NO ECAC") -> NO ECAC
A19: =IFERROR(__xludf.DUMMYFUNCTION("""COMPUTED_VALUE"""),"RYR77ZB") -> RYR77ZB | B19: =IFERROR(__xludf.DUMMYFUNCTION("""COMPUTED_VALUE"""),"B738") -> B738 | C19: =IFERROR(__xludf.DUMMYFUNCTION("""COMPUTED_VALUE"""),"LEMG") -> LEMG | D19: =IFERROR(__xludf.DUMMYFUNCTION("""COMPUTED_VALUE"""),"LEBL") -> LEBL | E19: =IFERROR(__xludf.DUMMYFUNCTION("""COMPUTED_VALUE"""),"EIEFG") -> EIEFG | F19: =IFERROR(__xludf.DUMMYFUNCTION("""COMPUTED_VALUE"""),380.0) -> 380 | G19: =IFERROR(__xludf.DUMMYFUNCTION("""COMPUTED_VALUE"""),0.16597222222222222) -> 0.16597222 | H19: =IFERROR(__xludf.DUMMYFUNCTION("""COMPUTED_VALUE"""),12.0) -> 12 | I19: =IFERROR(__xludf.DUMMYFUNCTION("""COMPUTED_VALUE"""),0.2152777777777778) -> 0.21527778 | J19: =IFERROR(__xludf.DUMMYFUNCTION("""COMPUTED_VALUE"""),"D") -> D | K19: =IFERROR(__xludf.DUMMYFUNCTION("""COMPUTED_VALUE"""),184.0) -> 184 | L19: =IFERROR(__xludf.DUMMYFUNCTION("""COMPUTED_VALUE"""),0.049305555555555575) -> 0.049305556 | M19: =IFERROR(__xludf.DUMMYFUNCTION("""COMPUTED_VALUE"""),0.028263888888888908) -> 0.028263889 | O19: =IFERROR(__xludf.DUMMYFUNCTION("""COMPUTED_VALUE"""),563.016666666667) -> 563.01667 | P19: =IFERROR(__xludf.DUMMYFUNCTION("""COMPUTED_VALUE"""),"RYR") -> RYR | Q19: =IFERROR(__xludf.DUMMYFUNCTION("""COMPUTED_VALUE"""),"ECAC") -> ECAC
A20: =IFERROR(__xludf.DUMMYFUNCTION("""COMPUTED_VALUE"""),"CCA577") -> CCA577 | B20: =IFERROR(__xludf.DUMMYFUNCTION("""COMPUTED_VALUE"""),"A359") -> A359 | C20: =IFERROR(__xludf.DUMMYFUNCTION("""COMPUTED_VALUE"""),"ZSPD") -> ZSPD | D20: =IFERROR(__xludf.DUMMYFUNCTION("""COMPUTED_VALUE"""),"LEBL") -> LEBL | E20: =IFERROR(__xludf.DUMMYFUNCTION("""COMPUTED_VALUE"""),"B1085") -> B1085 | F20: =IFERROR(__xludf.DUMMYFUNCTION("""COMPUTED_VALUE"""),390.0) -> 390 | G20: =IFERROR(__xludf.DUMMYFUNCTION("""COMPUTED_VALUE"""),0.7013888888888888) -> 0.70138889 | H20: =IFERROR(__xludf.DUMMYFUNCTION("""COMPUTED_VALUE"""),10.0) -> 10 | I20: =IFERROR(__xludf.DUMMYFUNCTION("""COMPUTED_VALUE"""),0.2152777777777778) -> 0.21527778 | J20: =IFERROR(__xludf.DUMMYFUNCTION("""COMPUTED_VALUE"""),"B") -> B | K20: =IFERROR(__xludf.DUMMYFUNCTION("""COMPUTED_VALUE"""),297.0) -> 297 | L20: =IFERROR(__xludf.DUMMYFUNCTION("""COMPUTED_VALUE"""),0.513888888888889) -> 0.51388889 | M20: =IFERROR(__xludf.DUMMYFUNCTION("""COMPUTED_VALUE"""),0.4942361111111112) -> 0.49423611 | O20: =IFERROR(__xludf.DUMMYFUNCTION("""COMPUTED_VALUE"""),10675.500000000002) -> 10675.5 | P20: =IFERROR(__xludf.DUMMYFUNCTION("""COMPUTED_VALUE"""),"CCA") -> CCA | Q20: =IFERROR(__xludf.DUMMYFUNCTION("""COMPUTED_VALUE"""),"NO ECAC") -> NO ECAC
A21: =IFERROR(__xludf.DUMMYFUNCTION("""COMPUTED_VALUE"""),"EJU85AR") -> EJU85AR | B21: =IFERROR(__xludf.DUMMYFUNCTION("""COMPUTED_VALUE"""),"A20N") -> A20N | C21: =IFERROR(__xludf.DUMMYFUNCTION("""COMPUTED_VALUE"""),"LIMC") -> LIMC | D21: =IFERROR(__xludf.DUMMYFUNCTION("""COMPUTED_VALUE"""),"LEBL") -> LEBL | E21: =IFERROR(__xludf.DUMMYFUNCTION("""COMPUTED_VALUE"""),"OELSF") -> OELSF | F21: =IFERROR(__xludf.DUMMYFUNCTION("""COMPUTED_VALUE"""),290.0) -> 290 | G21: =IFERROR(__xludf.DUMMYFUNCTION("""COMPUTED_VALUE"""),0.17083333333333334) -> 0.17083333 | H21: =IFERROR(__xludf.DUMMYFUNCTION("""COMPUTED_VALUE"""),12.0) -> 12 | I21: =IFERROR(__xludf.DUMMYFUNCTION("""COMPUTED_VALUE"""),0.21875) -> 0.21875 | J21: =IFERROR(__xludf.DUMMYFUNCTION("""COMPUTED_VALUE"""),"D") -> D | K21: =IFERROR(__xludf.DUMMYFUNCTION("""COMPUTED_VALUE"""),180.0) -> 180 | L21: =IFERROR(__xludf.DUMMYFUNCTION("""COMPUTED_VALUE"""),0.04791666666666666) -> 0.047916667 | M21: =IFERROR(__xludf.DUMMYFUNCTION("""COMPUTED_VALUE"""),0.026874999999999996) -> 0.026875 | O21: =IFERROR(__xludf.DUMMYFUNCTION("""COMPUTED_VALUE"""),535.3499999999999) -> 535.35 | P21: =IFERROR(__xludf.DUMMYFUNCTION("""COMPUTED_VALUE"""),"EJU") -> EJU | Q21: =IFERROR(__xludf.DUMMYFUNCTION("""COMPUTED_VALUE"""),"ECAC") -> ECAC
A22: =IFERROR(__xludf.DUMMYFUNCTION("""COMPUTED_VALUE"""),"VLG64ZA") -> VLG64ZA | B22: =IFERROR(__xludf.DUMMYFUNCTION("""COMPUTED_VALUE"""),"A320") -> A320 | C22: =IFERROR(__xludf.DUMMYFUNCTION("""COMPUTED_VALUE"""),"LEPA") -> LEPA | D22: =IFERROR(__xludf.DUMMYFUNCTION("""COMPUTED_VALUE"""),"LEBL") -> LEBL | E22: =IFERROR(__xludf.DUMMYFUNCTION("""COMPUTED_VALUE"""),"ECMXP") -> ECMXP | F22: =IFERROR(__xludf.DUMMYFUNCTION("""COMPUTED_VALUE"""),180.0) -> 180 | G22: =IFERROR(__xludf.DUMMYFUNCTION("""COMPUTED_VALUE"""),0.20972222222222223) -> 0.20972222 | H22: =IFERROR(__xludf.DUMMYFUNCTION("""COMPUTED_VALUE"""),17.0) -> 17 | I22: =IFERROR(__xludf.DUMMYFUNCTION("""COMPUTED_VALUE"""),0.2222222222222222) -> 0.22222222 | J22: =IFERROR(__xludf.DUMMYFUNCTION("""COMPUTED_VALUE"""),"D") -> D | K22: =IFERROR(__xludf.DUMMYFUNCTION("""COMPUTED_VALUE"""),173.0) -> 173 | L22: =IFERROR(__xludf.DUMMYFUNCTION("""COMPUTED_VALUE"""),0.012499999999999983) -> 0.0125 | M22: =IFERROR(__xludf.DUMMYFUNCTION("""COMPUTED_VALUE"""),6.944444444444281E-4) -> 0.00069444444 | O22: =IFERROR(__xludf.DUMMYFUNCTION("""COMPUTED_VALUE"""),13.833333333333007) -> 13.833333 | P22: =IFERROR(__xludf.DUMMYFUNCTION("""COMPUTED_VALUE"""),"VLG") -> VLG | Q22: =IFERROR(__xludf.DUMMYFUNCTION("""COMPUTED_VALUE"""),"ECAC") -> ECAC
A23: =IFERROR(__xludf.DUMMYFUNCTION("""COMPUTED_VALUE"""),"RYR14DQ") -> RYR14DQ | B23: =IFERROR(__xludf.DUMMYFUNCTION("""COMPUTED_VALUE"""),"B38M") -> B38M | C23: =IFERROR(__xludf.DUMMYFUNCTION("""COMPUTED_VALUE"""),"LMML") -> LMML | D23: =IFERROR(__xludf.DUMMYFUNCTION("""COMPUTED_VALUE"""),"LEBL") -> LEBL | E23: =IFERROR(__xludf.DUMMYFUNCTION("""COMPUTED_VALUE"""),"EIIJL") -> EIIJL | F23: =IFERROR(__xludf.DUMMYFUNCTION("""COMPUTED_VALUE"""),360.0) -> 360 | G23: =IFERROR(__xludf.DUMMYFUNCTION("""COMPUTED_VALUE"""),0.1701388888888889) -> 0.17013889 | H23: =IFERROR(__xludf.DUMMYFUNCTION("""COMPUTED_VALUE"""),15.0) -> 15 | I23: =IFERROR(__xludf.DUMMYFUNCTION("""COMPUTED_VALUE"""),0.22916666666666666) -> 0.22916667 | J23: =IFERROR(__xludf.DUMMYFUNCTION("""COMPUTED_VALUE"""),"D") -> D | K23: =IFERROR(__xludf.DUMMYFUNCTION("""COMPUTED_VALUE"""),186.0) -> 186 | L23: =IFERROR(__xludf.DUMMYFUNCTION("""COMPUTED_VALUE"""),0.05902777777777776) -> 0.059027778 | M23: =IFERROR(__xludf.DUMMYFUNCTION("""COMPUTED_VALUE"""),0.03590277777777776) -> 0.035902778 | O23: =IFERROR(__xludf.DUMMYFUNCTION("""COMPUTED_VALUE"""),715.183333333333) -> 715.18333 | P23: =IFERROR(__xludf.DUMMYFUNCTION("""COMPUTED_VALUE"""),"RYR") -> RYR | Q23: =IFERROR(__xludf.DUMMYFUNCTION("""COMPUTED_VALUE"""),"ECAC") -> ECAC
A24: =IFERROR(__xludf.DUMMYFUNCTION("""COMPUTED_VALUE"""),"VLG1XG") -> VLG1XG | B24: =IFERROR(__xludf.DUMMYFUNCTION("""COMPUTED_VALUE"""),"A320") -> A320 | C24: =IFERROR(__xludf.DUMMYFUNCTION("""COMPUTED_VALUE"""),"LEIB") -> LEIB | D24: =IFERROR(__xludf.DUMMYFUNCTION("""COMPUTED_VALUE"""),"LEBL") -> LEBL | E24: =IFERROR(__xludf.DUMMYFUNCTION("""COMPUTED_VALUE"""),"ECLUN") -> ECLUN | F24: =IFERROR(__xludf.DUMMYFUNCTION("""COMPUTED_VALUE"""),180.0) -> 180 | G24: =IFERROR(__xludf.DUMMYFUNCTION("""COMPUTED_VALUE"""),0.21597222222222223) -> 0.21597222 | H24: =IFERROR(__xludf.DUMMYFUNCTION("""COMPUTED_VALUE"""),7.0) -> 7 | I24: =IFERROR(__xludf.DUMMYFUNCTION("""COMPUTED_VALUE"""),0.2361111111111111) -> 0.23611111 | J24: =IFERROR(__xludf.DUMMYFUNCTION("""COMPUTED_VALUE"""),"D") -> D | K24: =IFERROR(__xludf.DUMMYFUNCTION("""COMPUTED_VALUE"""),173.0) -> 173 | L24: =IFERROR(__xludf.DUMMYFUNCTION("""COMPUTED_VALUE"""),0.020138888888888873) -> 0.020138889 | M24: =IFERROR(__xludf.DUMMYFUNCTION("""COMPUTED_VALUE"""),0.002569444444444428) -> 0.0025694444 | O24: =IFERROR(__xludf.DUMMYFUNCTION("""COMPUTED_VALUE"""),51.183333333333) -> 51.183333 | P24: =IFERROR(__xludf.DUMMYFUNCTION("""COMPUTED_VALUE"""),"VLG") -> VLG | Q24: =IFERROR(__xludf.DUMMYFUNCTION("""COMPUTED_VALUE"""),"ECAC") -> ECAC
A25: =IFERROR(__xludf.DUMMYFUNCTION("""COMPUTED_VALUE"""),"VLG4CG") -> VLG4CG | B25: =IFERROR(__xludf.DUMMYFUNCTION("""COMPUTED_VALUE"""),"A320") -> A320 | C25: =IFERROR(__xludf.DUMMYFUNCTION("""COMPUTED_VALUE"""),"LEAL") -> LEAL | D25: =IFERROR(__xludf.DUMMYFUNCTION("""COMPUTED_VALUE"""),"LEBL") -> LEBL | E25: =IFERROR(__xludf.DUMMYFUNCTION("""COMPUTED_VALUE"""),"ECMVD") -> ECMVD | F25: =IFERROR(__xludf.DUMMYFUNCTION("""COMPUTED_VALUE"""),260.0) -> 260 | G25: =IFERROR(__xludf.DUMMYFUNCTION("""COMPUTED_VALUE"""),0.20416666666666666) -> 0.20416667 | H25: =IFERROR(__xludf.DUMMYFUNCTION("""COMPUTED_VALUE"""),9.0) -> 9 | I25: =IFERROR(__xludf.DUMMYFUNCTION("""COMPUTED_VALUE"""),0.2361111111111111) -> 0.23611111 | J25: =IFERROR(__xludf.DUMMYFUNCTION("""COMPUTED_VALUE"""),"D") -> D | K25: =IFERROR(__xludf.DUMMYFUNCTION("""COMPUTED_VALUE"""),173.0) -> 173 | L25: =IFERROR(__xludf.DUMMYFUNCTION("""COMPUTED_VALUE"""),0.03194444444444444) -> 0.031944444 | M25: =IFERROR(__xludf.DUMMYFUNCTION("""COMPUTED_VALUE"""),0.012986111111111106) -> 0.012986111 | O25: =IFERROR(__xludf.DUMMYFUNCTION("""COMPUTED_VALUE"""),258.6833333333332) -> 258.68333 | P25: =IFERROR(__xludf.DUMMYFUNCTION("""COMPUTED_VALUE"""),"VLG") -> VLG | Q25: =IFERROR(__xludf.DUMMYFUNCTION("""COMPUTED_VALUE"""),"ECAC") -> ECAC
A26: =IFERROR(__xludf.DUMMYFUNCTION("""COMPUTED_VALUE"""),"WMT262") -> WMT262 | B26: =IFERROR(__xludf.DUMMYFUNCTION("""COMPUTED_VALUE"""),"A21N") -> A21N | C26: =IFERROR(__xludf.DUMMYFUNCTION("""COMPUTED_VALUE"""),"LROP") -> LROP | D26: =IFERROR(__xludf.DUMMYFUNCTION("""COMPUTED_VALUE"""),"LEBL") -> LEBL | E26: =IFERROR(__xludf.DUMMYFUNCTION("""COMPUTED_VALUE"""),"9HWAY") -> 9HWAY | F26: =IFERROR(__xludf.DUMMYFUNCTION("""COMPUTED_VALUE"""),350.0) -> 350 | G26: =IFERROR(__xludf.DUMMYFUNCTION("""COMPUTED_VALUE"""),0.13194444444444445) -> 0.13194444 | H26: =IFERROR(__xludf.DUMMYFUNCTION("""COMPUTED_VALUE"""),10.0) -> 10 | I26: =IFERROR(__xludf.DUMMYFUNCTION("""COMPUTED_VALUE"""),0.23958333333333334) -> 0.23958333 | J26: =IFERROR(__xludf.DUMMYFUNCTION("""COMPUTED_VALUE"""),"D") -> D | K26: =IFERROR(__xludf.DUMMYFUNCTION("""COMPUTED_VALUE"""),200.0) -> 200 | L26: =IFERROR(__xludf.DUMMYFUNCTION("""COMPUTED_VALUE"""),0.1076388888888889) -> 0.10763889 | M26: =IFERROR(__xludf.DUMMYFUNCTION("""COMPUTED_VALUE"""),0.08798611111111111) -> 0.087986111 | O26: =IFERROR(__xludf.DUMMYFUNCTION("""COMPUTED_VALUE"""),1752.6833333333334) -> 1752.6833 | P26: =IFERROR(__xludf.DUMMYFUNCTION("""COMPUTED_VALUE"""),"WMT") -> WMT | Q26: =IFERROR(__xludf.DUMMYFUNCTION("""COMPUTED_VALUE"""),"ECAC") -> ECAC
A27: =IFERROR(__xludf.DUMMYFUNCTION("""COMPUTED_VALUE"""),"ACA822") -> ACA822 | B27: =IFERROR(__xludf.DUMMYFUNCTION("""COMPUTED_VALUE"""),"B77W") -> B77W | C27: =IFERROR(__xludf.DUMMYFUNCTION("""COMPUTED_VALUE"""),"CYUL") -> CYUL | D27: =IFERROR(__xludf.DUMMYFUNCTION("""COMPUTED_VALUE"""),"LEBL") -> LEBL | E27: =IFERROR(__xludf.DUMMYFUNCTION("""COMPUTED_VALUE"""),"CFIUL") -> CFIUL | F27: =IFERROR(__xludf.DUMMYFUNCTION("""COMPUTED_VALUE"""),370.0) -> 370 | G27: =IFERROR(__xludf.DUMMYFUNCTION("""COMPUTED_VALUE"""),0.9444444444444444) -> 0.94444444 | H27: =IFERROR(__xludf.DUMMYFUNCTION("""COMPUTED_VALUE"""),10.0) -> 10 | I27: =IFERROR(__xludf.DUMMYFUNCTION("""COMPUTED_VALUE"""),0.23958333333333334) -> 0.23958333 | J27: =IFERROR(__xludf.DUMMYFUNCTION("""COMPUTED_VALUE"""),"B") -> B | K27: =IFERROR(__xludf.DUMMYFUNCTION("""COMPUTED_VALUE"""),331.0) -> 331 | L27: =IFERROR(__xludf.DUMMYFUNCTION("""COMPUTED_VALUE"""),0.29513888888888895) -> 0.29513889 | M27: =IFERROR(__xludf.DUMMYFUNCTION("""COMPUTED_VALUE"""),0.2754861111111112) -> 0.27548611 | O27: =IFERROR(__xludf.DUMMYFUNCTION("""COMPUTED_VALUE"""),5950.500000000002) -> 5950.5 | P27: =IFERROR(__xludf.DUMMYFUNCTION("""COMPUTED_VALUE"""),"ACA") -> ACA | Q27: =IFERROR(__xludf.DUMMYFUNCTION("""COMPUTED_VALUE"""),"NO ECAC") -> NO ECAC
A28: =IFERROR(__xludf.DUMMYFUNCTION("""COMPUTED_VALUE"""),"CCA845") -> CCA845 | B28: =IFERROR(__xludf.DUMMYFUNCTION("""COMPUTED_VALUE"""),"A359") -> A359 | C28: =IFERROR(__xludf.DUMMYFUNCTION("""COMPUTED_VALUE"""),"ZBAA") -> ZBAA | D28: =IFERROR(__xludf.DUMMYFUNCTION("""COMPUTED_VALUE"""),"LEBL") -> LEBL | E28: =IFERROR(__xludf.DUMMYFUNCTION("""COMPUTED_VALUE"""),"B307C") -> B307C | F28: =IFERROR(__xludf.DUMMYFUNCTION("""COMPUTED_VALUE"""),390.0) -> 390 | G28: =IFERROR(__xludf.DUMMYFUNCTION("""COMPUTED_VALUE"""),0.7916666666666666) -> 0.79166667 | H28: =IFERROR(__xludf.DUMMYFUNCTION("""COMPUTED_VALUE"""),10.0) -> 10 | I28: =IFERROR(__xludf.DUMMYFUNCTION("""COMPUTED_VALUE"""),0.2465277777777778) -> 0.24652778 | J28: =IFERROR(__xludf.DUMMYFUNCTION("""COMPUTED_VALUE"""),"B") -> B | K28: =IFERROR(__xludf.DUMMYFUNCTION("""COMPUTED_VALUE"""),297.0) -> 297 | L28: =IFERROR(__xludf.DUMMYFUNCTION("""COMPUTED_VALUE"""),0.45486111111111116) -> 0.45486111 | M28: =IFERROR(__xludf.DUMMYFUNCTION("""COMPUTED_VALUE"""),0.4352083333333334) -> 0.43520833 | O28: =IFERROR(__xludf.DUMMYFUNCTION("""COMPUTED_VALUE"""),9400.500000000002) -> 9400.5 | P28: =IFERROR(__xludf.DUMMYFUNCTION("""COMPUTED_VALUE"""),"CCA") -> CCA | Q28: =IFERROR(__xludf.DUMMYFUNCTION("""COMPUTED_VALUE"""),"NO ECAC") -> NO ECAC
A29: =IFERROR(__xludf.DUMMYFUNCTION("""COMPUTED_VALUE"""),"AEA14ZJ") -> AEA14ZJ | B29: =IFERROR(__xludf.DUMMYFUNCTION("""COMPUTED_VALUE"""),"B738") -> B738 | C29: =IFERROR(__xludf.DUMMYFUNCTION("""COMPUTED_VALUE"""),"LEPA") -> LEPA | D29: =IFERROR(__xludf.DUMMYFUNCTION("""COMPUTED_VALUE"""),"LEBL") -> LEBL | E29: =IFERROR(__xludf.DUMMYFUNCTION("""COMPUTED_VALUE"""),"ECLQX") -> ECLQX | F29: =IFERROR(__xludf.DUMMYFUNCTION("""COMPUTED_VALUE"""),180.0) -> 180 | G29: =IFERROR(__xludf.DUMMYFUNCTION("""COMPUTED_VALUE"""),0.22361111111111112) -> 0.22361111 | H29: =IFERROR(__xludf.DUMMYFUNCTION("""COMPUTED_VALUE"""),17.0) -> 17 | I29: =IFERROR(__xludf.DUMMYFUNCTION("""COMPUTED_VALUE"""),0.2465277777777778) -> 0.24652778 | J29: =IFERROR(__xludf.DUMMYFUNCTION("""COMPUTED_VALUE"""),"D") -> D | K29: =IFERROR(__xludf.DUMMYFUNCTION("""COMPUTED_VALUE"""),184.0) -> 184 | L29: =IFERROR(__xludf.DUMMYFUNCTION("""COMPUTED_VALUE"""),0.02291666666666667) -> 0.022916667 | M29: =IFERROR(__xludf.DUMMYFUNCTION("""COMPUTED_VALUE"""),0.011111111111111113) -> 0.011111111 | O29: =IFERROR(__xludf.DUMMYFUNCTION("""COMPUTED_VALUE"""),221.33333333333337) -> 221.33333 | P29: =IFERROR(__xludf.DUMMYFUNCTION("""COMPUTED_VALUE"""),"AEA") -> AEA | Q29: =IFERROR(__xludf.DUMMYFUNCTION("""COMPUTED_VALUE"""),"ECAC") -> ECAC
A30: =IFERROR(__xludf.DUMMYFUNCTION("""COMPUTED_VALUE"""),"VLG47KA") -> VLG47KA | B30: =IFERROR(__xludf.DUMMYFUNCTION("""COMPUTED_VALUE"""),"A320") -> A320 | C30: =IFERROR(__xludf.DUMMYFUNCTION("""COMPUTED_VALUE"""),"LFPO") -> LFPO | D30: =IFERROR(__xludf.DUMMYFUNCTION("""COMPUTED_VALUE"""),"LEBL") -> LEBL | E30: =IFERROR(__xludf.DUMMYFUNCTION("""COMPUTED_VALUE"""),"ECMFK") -> ECMFK | F30: =IFERROR(__xludf.DUMMYFUNCTION("""COMPUTED_VALUE"""),370.0) -> 370 | G30: =IFERROR(__xludf.DUMMYFUNCTION("""COMPUTED_VALUE"""),0.20208333333333334) -> 0.20208333 | H30: =IFERROR(__xludf.DUMMYFUNCTION("""COMPUTED_VALUE"""),16.0) -> 16 | I30: =IFERROR(__xludf.DUMMYFUNCTION("""COMPUTED_VALUE"""),0.2465277777777778) -> 0.24652778 | J30: =IFERROR(__xludf.DUMMYFUNCTION("""COMPUTED_VALUE"""),"D") -> D | K30: =IFERROR(__xludf.DUMMYFUNCTION("""COMPUTED_VALUE"""),173.0) -> 173 | L30: =IFERROR(__xludf.DUMMYFUNCTION("""COMPUTED_VALUE"""),0.04444444444444445) -> 0.044444444 | M30: =IFERROR(__xludf.DUMMYFUNCTION("""COMPUTED_VALUE"""),0.020625000000000004) -> 0.020625 | O30: =IFERROR(__xludf.DUMMYFUNCTION("""COMPUTED_VALUE"""),410.8500000000001) -> 410.85 | P30: =IFERROR(__xludf.DUMMYFUNCTION("""COMPUTED_VALUE"""),"VLG") -> VLG | Q30: =IFERROR(__xludf.DUMMYFUNCTION("""COMPUTED_VALUE"""),"ECAC") -> ECAC
A31: =IFERROR(__xludf.DUMMYFUNCTION("""COMPUTED_VALUE"""),"VLG26NX") -> VLG26NX | B31: =IFERROR(__xludf.DUMMYFUNCTION("""COMPUTED_VALUE"""),"A320") -> A320 | C31: =IFERROR(__xludf.DUMMYFUNCTION("""COMPUTED_VALUE"""),"LEMG") -> LEMG | D31: =IFERROR(__xludf.DUMMYFUNCTION("""COMPUTED_VALUE"""),"LEBL") -> LEBL | E31: =IFERROR(__xludf.DUMMYFUNCTION("""COMPUTED_VALUE"""),"ECMEA") -> ECMEA | F31: =IFERROR(__xludf.DUMMYFUNCTION("""COMPUTED_VALUE"""),360.0) -> 360 | G31: =IFERROR(__xludf.DUMMYFUNCTION("""COMPUTED_VALUE"""),0.19791666666666666) -> 0.19791667 | H31: =IFERROR(__xludf.DUMMYFUNCTION("""COMPUTED_VALUE"""),15.0) -> 15 | I31: =IFERROR(__xludf.DUMMYFUNCTION("""COMPUTED_VALUE"""),0.25) -> 0.25 | J31: =IFERROR(__xludf.DUMMYFUNCTION("""COMPUTED_VALUE"""),"D") -> D | K31: =IFERROR(__xludf.DUMMYFUNCTION("""COMPUTED_VALUE"""),173.0) -> 173 | L31: =IFERROR(__xludf.DUMMYFUNCTION("""COMPUTED_VALUE"""),0.05208333333333334) -> 0.052083333 | M31: =IFERROR(__xludf.DUMMYFUNCTION("""COMPUTED_VALUE"""),0.028958333333333343) -> 0.028958333 | O31: =IFERROR(__xludf.DUMMYFUNCTION("""COMPUTED_VALUE"""),576.8500000000003) -> 576.85 | P31: =IFERROR(__xludf.DUMMYFUNCTION("""COMPUTED_VALUE"""),"VLG") -> VLG | Q31: =IFERROR(__xludf.DUMMYFUNCTION("""COMPUTED_VALUE"""),"ECAC") -> ECAC
A32: =IFERROR(__xludf.DUMMYFUNCTION("""COMPUTED_VALUE"""),"VLG6HA") -> VLG6HA | B32: =IFERROR(__xludf.DUMMYFUNCTION("""COMPUTED_VALUE"""),"A320") -> A320 | C32: =IFERROR(__xludf.DUMMYFUNCTION("""COMPUTED_VALUE"""),"LEZL") -> LEZL | D32: =IFERROR(__xludf.DUMMYFUNCTION("""COMPUTED_VALUE"""),"LEBL") -> LEBL | E32: =IFERROR(__xludf.DUMMYFUNCTION("""COMPUTED_VALUE"""),"ECOKH") -> ECOKH | F32: =IFERROR(__xludf.DUMMYFUNCTION("""COMPUTED_VALUE"""),340.0) -> 340 | G32: =IFERROR(__xludf.DUMMYFUNCTION("""COMPUTED_VALUE"""),0.20069444444444445) -> 0.20069444 | H32: =IFERROR(__xludf.DUMMYFUNCTION("""COMPUTED_VALUE"""),10.0) -> 10 | I32: =IFERROR(__xludf.DUMMYFUNCTION("""COMPUTED_VALUE"""),0.25) -> 0.25 | J32: =IFERROR(__xludf.DUMMYFUNCTION("""COMPUTED_VALUE"""),"D") -> D | K32: =IFERROR(__xludf.DUMMYFUNCTION("""COMPUTED_VALUE"""),173.0) -> 173 | L32: =IFERROR(__xludf.DUMMYFUNCTION("""COMPUTED_VALUE"""),0.04930555555555555) -> 0.049305556 | M32: =IFERROR(__xludf.DUMMYFUNCTION("""COMPUTED_VALUE"""),0.029652777777777767) -> 0.029652778 | O32: =IFERROR(__xludf.DUMMYFUNCTION("""COMPUTED_VALUE"""),590.6833333333332) -> 590.68333 | P32: =IFERROR(__xludf.DUMMYFUNCTION("""COMPUTED_VALUE"""),"VLG") -> VLG | Q32: =IFERROR(__xludf.DUMMYFUNCTION("""COMPUTED_VALUE"""),"ECAC") -> ECAC
A33: =IFERROR(__xludf.DUMMYFUNCTION("""COMPUTED_VALUE"""),"VLG6XL") -> VLG6XL | B33: =IFERROR(__xludf.DUMMYFUNCTION("""COMPUTED_VALUE"""),"A320") -> A320 | C33: =IFERROR(__xludf.DUMMYFUNCTION("""COMPUTED_VALUE"""),"LEPA") -> LEPA | D33: =IFERROR(__xludf.DUMMYFUNCTION("""COMPUTED_VALUE"""),"LEBL") -> LEBL | E33: =IFERROR(__xludf.DUMMYFUNCTION("""COMPUTED_VALUE"""),"ECOGC") -> ECOGC | F33: =IFERROR(__xludf.DUMMYFUNCTION("""COMPUTED_VALUE"""),180.0) -> 180 | G33: =IFERROR(__xludf.DUMMYFUNCTION("""COMPUTED_VALUE"""),0.2375) -> 0.2375 | H33: =IFERROR(__xludf.DUMMYFUNCTION("""COMPUTED_VALUE"""),17.0) -> 17 | I33: =IFERROR(__xludf.DUMMYFUNCTION("""COMPUTED_VALUE"""),0.25) -> 0.25 | J33: =IFERROR(__xludf.DUMMYFUNCTION("""COMPUTED_VALUE"""),"D") -> D | K33: =IFERROR(__xludf.DUMMYFUNCTION("""COMPUTED_VALUE"""),173.0) -> 173 | L33: =IFERROR(__xludf.DUMMYFUNCTION("""COMPUTED_VALUE"""),0.012500000000000011) -> 0.0125 | M33: =IFERROR(__xludf.DUMMYFUNCTION("""COMPUTED_VALUE"""),6.944444444444559E-4) -> 0.00069444444 | O33: =IFERROR(__xludf.DUMMYFUNCTION("""COMPUTED_VALUE"""),13.833333333333561) -> 13.833333 | P33: =IFERROR(__xludf.DUMMYFUNCTION("""COMPUTED_VALUE"""),"VLG") -> VLG | Q33: =IFERROR(__xludf.DUMMYFUNCTION("""COMPUTED_VALUE"""),"ECAC") -> ECAC
A34: =IFERROR(__xludf.DUMMYFUNCTION("""COMPUTED_VALUE"""),"FIA511") -> FIA511 | B34: =IFERROR(__xludf.DUMMYFUNCTION("""COMPUTED_VALUE"""),"A320") -> A320 | C34: =IFERROR(__xludf.DUMMYFUNCTION("""COMPUTED_VALUE"""),"LUKK") -> LUKK | D34: =IFERROR(__xludf.DUMMYFUNCTION("""COMPUTED_VALUE"""),"LEBL") -> LEBL | E34: =IFERROR(__xludf.DUMMYFUNCTION("""COMPUTED_VALUE"""),"ER00008") -> ER00008 | F34: =IFERROR(__xludf.DUMMYFUNCTION("""COMPUTED_VALUE"""),360.0) -> 360 | G34: =IFERROR(__xludf.DUMMYFUNCTION("""COMPUTED_VALUE"""),0.11458333333333333) -> 0.11458333 | H34: =IFERROR(__xludf.DUMMYFUNCTION("""COMPUTED_VALUE"""),15.0) -> 15 | I34: =IFERROR(__xludf.DUMMYFUNCTION("""COMPUTED_VALUE"""),0.25) -> 0.25 | J34: =IFERROR(__xludf.DUMMYFUNCTION("""COMPUTED_VALUE"""),"D") -> D | K34: =IFERROR(__xludf.DUMMYFUNCTION("""COMPUTED_VALUE"""),173.0) -> 173 | L34: =IFERROR(__xludf.DUMMYFUNCTION("""COMPUTED_VALUE"""),0.13541666666666669) -> 0.13541667 | M34: =IFERROR(__xludf.DUMMYFUNCTION("""COMPUTED_VALUE"""),0.11229166666666668) -> 0.11229167 | O34: =IFERROR(__xludf.DUMMYFUNCTION("""COMPUTED_VALUE"""),2236.8500000000004) -> 2236.85 | P34: =IFERROR(__xludf.DUMMYFUNCTION("""COMPUTED_VALUE"""),"FIA") -> FIA | Q34: =IFERROR(__xludf.DUMMYFUNCTION("""COMPUTED_VALUE"""),"ECAC") -> ECAC
A35: =IFERROR(__xludf.DUMMYFUNCTION("""COMPUTED_VALUE"""),"RYR47WZ") -> RYR47WZ | B35: =IFERROR(__xludf.DUMMYFUNCTION("""COMPUTED_VALUE"""),"B38M") -> B38M | C35: =IFERROR(__xludf.DUMMYFUNCTION("""COMPUTED_VALUE"""),"EYVI") -> EYVI | D35: =IFERROR(__xludf.DUMMYFUNCTION("""COMPUTED_VALUE"""),"LEBL") -> LEBL | E35: =IFERROR(__xludf.DUMMYFUNCTION("""COMPUTED_VALUE"""),"SPRZK") -> SPRZK | F35: =IFERROR(__xludf.DUMMYFUNCTION("""COMPUTED_VALUE"""),380.0) -> 380 | G35: =IFERROR(__xludf.DUMMYFUNCTION("""COMPUTED_VALUE"""),0.12152777777777778) -> 0.12152778 | H35: =IFERROR(__xludf.DUMMYFUNCTION("""COMPUTED_VALUE"""),10.0) -> 10 | I35: =IFERROR(__xludf.DUMMYFUNCTION("""COMPUTED_VALUE"""),0.2534722222222222) -> 0.25347222 | J35: =IFERROR(__xludf.DUMMYFUNCTION("""COMPUTED_VALUE"""),"D") -> D | K35: =IFERROR(__xludf.DUMMYFUNCTION("""COMPUTED_VALUE"""),186.0) -> 186 | L35: =IFERROR(__xludf.DUMMYFUNCTION("""COMPUTED_VALUE"""),0.13194444444444442) -> 0.13194444 | M35: =IFERROR(__xludf.DUMMYFUNCTION("""COMPUTED_VALUE"""),0.11229166666666664) -> 0.11229167 | O35: =IFERROR(__xludf.DUMMYFUNCTION("""COMPUTED_VALUE"""),2236.8499999999995) -> 2236.85 | P35: =IFERROR(__xludf.DUMMYFUNCTION("""COMPUTED_VALUE"""),"RYR") -> RYR | Q35: =IFERROR(__xludf.DUMMYFUNCTION("""COMPUTED_VALUE"""),"ECAC") -> ECAC
A36: =IFERROR(__xludf.DUMMYFUNCTION("""COMPUTED_VALUE"""),"LHX93U") -> LHX93U | B36: =IFERROR(__xludf.DUMMYFUNCTION("""COMPUTED_VALUE"""),"A20N") -> A20N | C36: =IFERROR(__xludf.DUMMYFUNCTION("""COMPUTED_VALUE"""),"EDDM") -> EDDM | D36: =IFERROR(__xludf.DUMMYFUNCTION("""COMPUTED_VALUE"""),"LEBL") -> LEBL | E36: =IFERROR(__xludf.DUMMYFUNCTION("""COMPUTED_VALUE"""),"DAIJN") -> DAIJN | F36: =IFERROR(__xludf.DUMMYFUNCTION("""COMPUTED_VALUE"""),370.0) -> 370 | G36: =IFERROR(__xludf.DUMMYFUNCTION("""COMPUTED_VALUE"""),0.19027777777777777) -> 0.19027778 | H36: =IFERROR(__xludf.DUMMYFUNCTION("""COMPUTED_VALUE"""),12.0) -> 12 | I36: =IFERROR(__xludf.DUMMYFUNCTION("""COMPUTED_VALUE"""),0.2534722222222222) -> 0.25347222 | J36: =IFERROR(__xludf.DUMMYFUNCTION("""COMPUTED_VALUE"""),"D") -> D | K36: =IFERROR(__xludf.DUMMYFUNCTION("""COMPUTED_VALUE"""),180.0) -> 180 | L36: =IFERROR(__xludf.DUMMYFUNCTION("""COMPUTED_VALUE"""),0.06319444444444444) -> 0.063194444 | M36: =IFERROR(__xludf.DUMMYFUNCTION("""COMPUTED_VALUE"""),0.042152777777777775) -> 0.042152778 | O36: =IFERROR(__xludf.DUMMYFUNCTION("""COMPUTED_VALUE"""),839.6833333333334) -> 839.68333 | P36: =IFERROR(__xludf.DUMMYFUNCTION("""COMPUTED_VALUE"""),"LHX") -> LHX | Q36: =IFERROR(__xludf.DUMMYFUNCTION("""COMPUTED_VALUE"""),"ECAC") -> ECAC
A37: =IFERROR(__xludf.DUMMYFUNCTION("""COMPUTED_VALUE"""),"RYR4VD") -> RYR4VD | B37: =IFERROR(__xludf.DUMMYFUNCTION("""COMPUTED_VALUE"""),"B738") -> B738 | C37: =IFERROR(__xludf.DUMMYFUNCTION("""COMPUTED_VALUE"""),"LEZL") -> LEZL | D37: =IFERROR(__xludf.DUMMYFUNCTION("""COMPUTED_VALUE"""),"LEBL") -> LEBL | E37: =IFERROR(__xludf.DUMMYFUNCTION("""COMPUTED_VALUE"""),"9HQEU") -> 9HQEU | F37: =IFERROR(__xludf.DUMMYFUNCTION("""COMPUTED_VALUE"""),380.0) -> 380 | G37: =IFERROR(__xludf.DUMMYFUNCTION("""COMPUTED_VALUE"""),0.19236111111111112) -> 0.19236111 | H37: =IFERROR(__xludf.DUMMYFUNCTION("""COMPUTED_VALUE"""),10.0) -> 10 | I37: =IFERROR(__xludf.DUMMYFUNCTION("""COMPUTED_VALUE"""),0.2534722222222222) -> 0.25347222 | J37: =IFERROR(__xludf.DUMMYFUNCTION("""COMPUTED_VALUE"""),"D") -> D | K37: =IFERROR(__xludf.DUMMYFUNCTION("""COMPUTED_VALUE"""),184.0) -> 184 | L37: =IFERROR(__xludf.DUMMYFUNCTION("""COMPUTED_VALUE"""),0.06111111111111109) -> 0.061111111 | M37: =IFERROR(__xludf.DUMMYFUNCTION("""COMPUTED_VALUE"""),0.041458333333333305) -> 0.041458333 | O37: =IFERROR(__xludf.DUMMYFUNCTION("""COMPUTED_VALUE"""),825.8499999999995) -> 825.85 | P37: =IFERROR(__xludf.DUMMYFUNCTION("""COMPUTED_VALUE"""),"RYR") -> RYR | Q37: =IFERROR(__xludf.DUMMYFUNCTION("""COMPUTED_VALUE"""),"ECAC") -> ECAC
A38: =IFERROR(__xludf.DUMMYFUNCTION("""COMPUTED_VALUE"""),"TRA5B") -> TRA5B | B38: =IFERROR(__xludf.DUMMYFUNCTION("""COMPUTED_VALUE"""),"B738") -> B738 | C38: =IFERROR(__xludf.DUMMYFUNCTION("""COMPUTED_VALUE"""),"EHAM") -> EHAM | D38: =IFERROR(__xludf.DUMMYFUNCTION("""COMPUTED_VALUE"""),"LEBL") -> LEBL | E38: =IFERROR(__xludf.DUMMYFUNCTION("""COMPUTED_VALUE"""),"PHHSI") -> PHHSI | F38: =IFERROR(__xludf.DUMMYFUNCTION("""COMPUTED_VALUE"""),390.0) -> 390 | G38: =IFERROR(__xludf.DUMMYFUNCTION("""COMPUTED_VALUE"""),0.175) -> 0.175 | H38: =IFERROR(__xludf.DUMMYFUNCTION("""COMPUTED_VALUE"""),15.0) -> 15 | I38: =IFERROR(__xludf.DUMMYFUNCTION("""COMPUTED_VALUE"""),0.2534722222222222) -> 0.25347222 | J38: =IFERROR(__xludf.DUMMYFUNCTION("""COMPUTED_VALUE"""),"D") -> D | K38: =IFERROR(__xludf.DUMMYFUNCTION("""COMPUTED_VALUE"""),184.0) -> 184 | L38: =IFERROR(__xludf.DUMMYFUNCTION("""COMPUTED_VALUE"""),0.07847222222222222) -> 0.078472222 | M38: =IFERROR(__xludf.DUMMYFUNCTION("""COMPUTED_VALUE"""),0.05534722222222222) -> 0.055347222 | O38: =IFERROR(__xludf.DUMMYFUNCTION("""COMPUTED_VALUE"""),1102.5166666666667) -> 1102.5167 | P38: =IFERROR(__xludf.DUMMYFUNCTION("""COMPUTED_VALUE"""),"TRA") -> TRA | Q38: =IFERROR(__xludf.DUMMYFUNCTION("""COMPUTED_VALUE"""),"ECAC") -> ECAC
A39: =IFERROR(__xludf.DUMMYFUNCTION("""COMPUTED_VALUE"""),"CPA321") -> CPA321 | B39: =IFERROR(__xludf.DUMMYFUNCTION("""COMPUTED_VALUE"""),"A359") -> A359 | C39: =IFERROR(__xludf.DUMMYFUNCTION("""COMPUTED_VALUE"""),"VHHH") -> VHHH | D39: =IFERROR(__xludf.DUMMYFUNCTION("""COMPUTED_VALUE"""),"LEBL") -> LEBL | E39: =IFERROR(__xludf.DUMMYFUNCTION("""COMPUTED_VALUE"""),"BLRC") -> BLRC | F39: =IFERROR(__xludf.DUMMYFUNCTION("""COMPUTED_VALUE"""),400.0) -> 400 | G39: =IFERROR(__xludf.DUMMYFUNCTION("""COMPUTED_VALUE"""),0.6909722222222222) -> 0.69097222 | H39: =IFERROR(__xludf.DUMMYFUNCTION("""COMPUTED_VALUE"""),10.0) -> 10 | I39: =IFERROR(__xludf.DUMMYFUNCTION("""COMPUTED_VALUE"""),0.2534722222222222) -> 0.25347222 | J39: =IFERROR(__xludf.DUMMYFUNCTION("""COMPUTED_VALUE"""),"B") -> B | K39: =IFERROR(__xludf.DUMMYFUNCTION("""COMPUTED_VALUE"""),297.0) -> 297 | L39: =IFERROR(__xludf.DUMMYFUNCTION("""COMPUTED_VALUE"""),0.5625) -> 0.5625 | M39: =IFERROR(__xludf.DUMMYFUNCTION("""COMPUTED_VALUE"""),0.5428472222222223) -> 0.54284722 | O39: =IFERROR(__xludf.DUMMYFUNCTION("""COMPUTED_VALUE"""),11725.5) -> 11725.5 | P39: =IFERROR(__xludf.DUMMYFUNCTION("""COMPUTED_VALUE"""),"CPA") -> CPA | Q39: =IFERROR(__xludf.DUMMYFUNCTION("""COMPUTED_VALUE"""),"NO ECAC") -> NO ECAC
A40: =IFERROR(__xludf.DUMMYFUNCTION("""COMPUTED_VALUE"""),"RYR1VJ") -> RYR1VJ | B40: =IFERROR(__xludf.DUMMYFUNCTION("""COMPUTED_VALUE"""),"B738") -> B738 | C40: =IFERROR(__xludf.DUMMYFUNCTION("""COMPUTED_VALUE"""),"LEPA") -> LEPA | D40: =IFERROR(__xludf.DUMMYFUNCTION("""COMPUTED_VALUE"""),"LEBL") -> LEBL | E40: =IFERROR(__xludf.DUMMYFUNCTION("""COMPUTED_VALUE"""),"9HQAD") -> 9HQAD | F40: =IFERROR(__xludf.DUMMYFUNCTION("""COMPUTED_VALUE"""),180.0) -> 180 | G40: =IFERROR(__xludf.DUMMYFUNCTION("""COMPUTED_VALUE"""),0.24027777777777778) -> 0.24027778 | H40: =IFERROR(__xludf.DUMMYFUNCTION("""COMPUTED_VALUE"""),16.0) -> 16 | I40: =IFERROR(__xludf.DUMMYFUNCTION("""COMPUTED_VALUE"""),0.2569444444444444) -> 0.25694444 | J40: =IFERROR(__xludf.DUMMYFUNCTION("""COMPUTED_VALUE"""),"D") -> D | K40: =IFERROR(__xludf.DUMMYFUNCTION("""COMPUTED_VALUE"""),184.0) -> 184 | L40: =IFERROR(__xludf.DUMMYFUNCTION("""COMPUTED_VALUE"""),0.016666666666666635) -> 0.016666667 | M40: =IFERROR(__xludf.DUMMYFUNCTION("""COMPUTED_VALUE"""),0.005555555555555524) -> 0.0055555556 | O40: =IFERROR(__xludf.DUMMYFUNCTION("""COMPUTED_VALUE"""),110.66666666666605) -> 110.66667 | P40: =IFERROR(__xludf.DUMMYFUNCTION("""COMPUTED_VALUE"""),"RYR") -> RYR | Q40: =IFERROR(__xludf.DUMMYFUNCTION("""COMPUTED_VALUE"""),"ECAC") -> ECAC
A41: =IFERROR(__xludf.DUMMYFUNCTION("""COMPUTED_VALUE"""),"EWG4214") -> EWG4214 | B41: =IFERROR(__xludf.DUMMYFUNCTION("""COMPUTED_VALUE"""),"A320") -> A320 | C41: =IFERROR(__xludf.DUMMYFUNCTION("""COMPUTED_VALUE"""),"LKPR") -> LKPR | D41: =IFERROR(__xludf.DUMMYFUNCTION("""COMPUTED_VALUE"""),"LEBL") -> LEBL | E41: =IFERROR(__xludf.DUMMYFUNCTION("""COMPUTED_VALUE"""),"9HEUN") -> 9HEUN | F41: =IFERROR(__xludf.DUMMYFUNCTION("""COMPUTED_VALUE"""),370.0) -> 370 | G41: =IFERROR(__xludf.DUMMYFUNCTION("""COMPUTED_VALUE"""),0.18333333333333332) -> 0.18333333 | H41: =IFERROR(__xludf.DUMMYFUNCTION("""COMPUTED_VALUE"""),16.0) -> 16 | I41: =IFERROR(__xludf.DUMMYFUNCTION("""COMPUTED_VALUE"""),0.2569444444444444) -> 0.25694444 | J41: =IFERROR(__xludf.DUMMYFUNCTION("""COMPUTED_VALUE"""),"D") -> D | K41: =IFERROR(__xludf.DUMMYFUNCTION("""COMPUTED_VALUE"""),173.0) -> 173 | L41: =IFERROR(__xludf.DUMMYFUNCTION("""COMPUTED_VALUE"""),0.0736111111111111) -> 0.073611111 | M41: =IFERROR(__xludf.DUMMYFUNCTION("""COMPUTED_VALUE"""),0.04979166666666665) -> 0.049791667 | O41: =IFERROR(__xludf.DUMMYFUNCTION("""COMPUTED_VALUE"""),991.8499999999997) -> 991.85 | P41: =IFERROR(__xludf.DUMMYFUNCTION("""COMPUTED_VALUE"""),"EWG") -> EWG | Q41: =IFERROR(__xludf.DUMMYFUNCTION("""COMPUTED_VALUE"""),"ECAC") -> ECAC
A42: =IFERROR(__xludf.DUMMYFUNCTION("""COMPUTED_VALUE"""),"DAL128") -> DAL128 | B42: =IFERROR(__xludf.DUMMYFUNCTION("""COMPUTED_VALUE"""),"B764") -> B764 | C42: =IFERROR(__xludf.DUMMYFUNCTION("""COMPUTED_VALUE"""),"KJFK") -> KJFK | D42: =IFERROR(__xludf.DUMMYFUNCTION("""COMPUTED_VALUE"""),"LEBL") -> LEBL | E42: =IFERROR(__xludf.DUMMYFUNCTION("""COMPUTED_VALUE"""),"N841MH") -> N841MH | F42: =IFERROR(__xludf.DUMMYFUNCTION("""COMPUTED_VALUE"""),370.0) -> 370 | G42: =IFERROR(__xludf.DUMMYFUNCTION("""COMPUTED_VALUE"""),0.9166666666666666) -> 0.91666667 | H42: =IFERROR(__xludf.DUMMYFUNCTION("""COMPUTED_VALUE"""),30.0) -> 30 | I42: =IFERROR(__xludf.DUMMYFUNCTION("""COMPUTED_VALUE"""),0.2569444444444444) -> 0.25694444 | J42: =IFERROR(__xludf.DUMMYFUNCTION("""COMPUTED_VALUE"""),"C") -> C | K42: =IFERROR(__xludf.DUMMYFUNCTION("""COMPUTED_VALUE"""),245.0) -> 245 | L42: =IFERROR(__xludf.DUMMYFUNCTION("""COMPUTED_VALUE"""),0.3402777777777778) -> 0.34027778 | M42: =IFERROR(__xludf.DUMMYFUNCTION("""COMPUTED_VALUE"""),0.30673611111111115) -> 0.30673611 | O42: =IFERROR(__xludf.DUMMYFUNCTION("""COMPUTED_VALUE"""),6404.6500000000015) -> 6404.65 | P42: =IFERROR(__xludf.DUMMYFUNCTION("""COMPUTED_VALUE"""),"DAL") -> DAL | Q42: =IFERROR(__xludf.DUMMYFUNCTION("""COMPUTED_VALUE"""),"NO ECAC") -> NO ECAC
A43: =IFERROR(__xludf.DUMMYFUNCTION("""COMPUTED_VALUE"""),"RYR17MW") -> RYR17MW | B43: =IFERROR(__xludf.DUMMYFUNCTION("""COMPUTED_VALUE"""),"B738") -> B738 | C43: =IFERROR(__xludf.DUMMYFUNCTION("""COMPUTED_VALUE"""),"LHBP") -> LHBP | D43: =IFERROR(__xludf.DUMMYFUNCTION("""COMPUTED_VALUE"""),"LEBL") -> LEBL | E43: =IFERROR(__xludf.DUMMYFUNCTION("""COMPUTED_VALUE"""),"SPRSI") -> SPRSI | F43: =IFERROR(__xludf.DUMMYFUNCTION("""COMPUTED_VALUE"""),370.0) -> 370 | G43: =IFERROR(__xludf.DUMMYFUNCTION("""COMPUTED_VALUE"""),0.1736111111111111) -> 0.17361111 | H43: =IFERROR(__xludf.DUMMYFUNCTION("""COMPUTED_VALUE"""),10.0) -> 10 | I43: =IFERROR(__xludf.DUMMYFUNCTION("""COMPUTED_VALUE"""),0.2604166666666667) -> 0.26041667 | J43: =IFERROR(__xludf.DUMMYFUNCTION("""COMPUTED_VALUE"""),"D") -> D | K43: =IFERROR(__xludf.DUMMYFUNCTION("""COMPUTED_VALUE"""),184.0) -> 184 | L43: =IFERROR(__xludf.DUMMYFUNCTION("""COMPUTED_VALUE"""),0.08680555555555558) -> 0.086805556 | M43: =IFERROR(__xludf.DUMMYFUNCTION("""COMPUTED_VALUE"""),0.0671527777777778) -> 0.067152778 | O43: =IFERROR(__xludf.DUMMYFUNCTION("""COMPUTED_VALUE"""),1337.6833333333338) -> 1337.6833 | P43: =IFERROR(__xludf.DUMMYFUNCTION("""COMPUTED_VALUE"""),"RYR") -> RYR | Q43: =IFERROR(__xludf.DUMMYFUNCTION("""COMPUTED_VALUE"""),"ECAC") -> ECAC
A44: =IFERROR(__xludf.DUMMYFUNCTION("""COMPUTED_VALUE"""),"WMT2NV") -> WMT2NV | B44: =IFERROR(__xludf.DUMMYFUNCTION("""COMPUTED_VALUE"""),"A21N") -> A21N | C44: =IFERROR(__xludf.DUMMYFUNCTION("""COMPUTED_VALUE"""),"LOWW") -> LOWW | D44: =IFERROR(__xludf.DUMMYFUNCTION("""COMPUTED_VALUE"""),"LEBL") -> LEBL | E44: =IFERROR(__xludf.DUMMYFUNCTION("""COMPUTED_VALUE"""),"9HWAO") -> 9HWAO | F44: =IFERROR(__xludf.DUMMYFUNCTION("""COMPUTED_VALUE"""),350.0) -> 350 | G44: =IFERROR(__xludf.DUMMYFUNCTION("""COMPUTED_VALUE"""),0.18680555555555556) -> 0.18680556 | H44: =IFERROR(__xludf.DUMMYFUNCTION("""COMPUTED_VALUE"""),15.0) -> 15 | I44: =IFERROR(__xludf.DUMMYFUNCTION("""COMPUTED_VALUE"""),0.2604166666666667) -> 0.26041667 | J44: =IFERROR(__xludf.DUMMYFUNCTION("""COMPUTED_VALUE"""),"D") -> D | K44: =IFERROR(__xludf.DUMMYFUNCTION("""COMPUTED_VALUE"""),200.0) -> 200 | L44: =IFERROR(__xludf.DUMMYFUNCTION("""COMPUTED_VALUE"""),0.07361111111111113) -> 0.073611111 | M44: =IFERROR(__xludf.DUMMYFUNCTION("""COMPUTED_VALUE"""),0.05048611111111113) -> 0.050486111 | O44: =IFERROR(__xludf.DUMMYFUNCTION("""COMPUTED_VALUE"""),1005.6833333333337) -> 1005.6833 | P44: =IFERROR(__xludf.DUMMYFUNCTION("""COMPUTED_VALUE"""),"WMT") -> WMT | Q44: =IFERROR(__xludf.DUMMYFUNCTION("""COMPUTED_VALUE"""),"ECAC") -> ECAC
A45: =IFERROR(__xludf.DUMMYFUNCTION("""COMPUTED_VALUE"""),"RYR6882") -> RYR6882 | B45: =IFERROR(__xludf.DUMMYFUNCTION("""COMPUTED_VALUE"""),"B738") -> B738 | C45: =IFERROR(__xludf.DUMMYFUNCTION("""COMPUTED_VALUE"""),"LEMH") -> LEMH | D45: =IFERROR(__xludf.DUMMYFUNCTION("""COMPUTED_VALUE"""),"LEBL") -> LEBL | E45: =IFERROR(__xludf.DUMMYFUNCTION("""COMPUTED_VALUE"""),"EIDCN") -> EIDCN | F45: =IFERROR(__xludf.DUMMYFUNCTION("""COMPUTED_VALUE"""),180.0) -> 180 | G45: =IFERROR(__xludf.DUMMYFUNCTION("""COMPUTED_VALUE"""),0.2465277777777778) -> 0.24652778 | H45: =IFERROR(__xludf.DUMMYFUNCTION("""COMPUTED_VALUE"""),10.0) -> 10 | I45: =IFERROR(__xludf.DUMMYFUNCTION("""COMPUTED_VALUE"""),0.2638888888888889) -> 0.26388889 | J45: =IFERROR(__xludf.DUMMYFUNCTION("""COMPUTED_VALUE"""),"D") -> D | K45: =IFERROR(__xludf.DUMMYFUNCTION("""COMPUTED_VALUE"""),184.0) -> 184 | L45: =IFERROR(__xludf.DUMMYFUNCTION("""COMPUTED_VALUE"""),0.017361111111111105) -> 0.017361111 | M45: =IFERROR(__xludf.DUMMYFUNCTION("""COMPUTED_VALUE"""),0.010416666666666661) -> 0.010416667 | O45: =IFERROR(__xludf.DUMMYFUNCTION("""COMPUTED_VALUE"""),207.4999999999999) -> 207.5 | P45: =IFERROR(__xludf.DUMMYFUNCTION("""COMPUTED_VALUE"""),"RYR") -> RYR | Q45: =IFERROR(__xludf.DUMMYFUNCTION("""COMPUTED_VALUE"""),"ECAC") -> ECAC
A46: =IFERROR(__xludf.DUMMYFUNCTION("""COMPUTED_VALUE"""),"UAL992") -> UAL992 | B46: =IFERROR(__xludf.DUMMYFUNCTION("""COMPUTED_VALUE"""),"B789") -> B789 | C46: =IFERROR(__xludf.DUMMYFUNCTION("""COMPUTED_VALUE"""),"KIAD") -> KIAD | D46: =IFERROR(__xludf.DUMMYFUNCTION("""COMPUTED_VALUE"""),"LEBL") -> LEBL | E46: =IFERROR(__xludf.DUMMYFUNCTION("""COMPUTED_VALUE"""),"N24974") -> N24974 | F46: =IFERROR(__xludf.DUMMYFUNCTION("""COMPUTED_VALUE"""),400.0) -> 400 | G46: =IFERROR(__xludf.DUMMYFUNCTION("""COMPUTED_VALUE"""),0.9513888888888888) -> 0.95138889 | H46: =IFERROR(__xludf.DUMMYFUNCTION("""COMPUTED_VALUE"""),20.0) -> 20 | I46: =IFERROR(__xludf.DUMMYFUNCTION("""COMPUTED_VALUE"""),0.2673611111111111) -> 0.26736111 | J46: =IFERROR(__xludf.DUMMYFUNCTION("""COMPUTED_VALUE"""),"B") -> B | K46: =IFERROR(__xludf.DUMMYFUNCTION("""COMPUTED_VALUE"""),284.0) -> 284 | L46: =IFERROR(__xludf.DUMMYFUNCTION("""COMPUTED_VALUE"""),0.3159722222222223) -> 0.31597222 | M46: =IFERROR(__xludf.DUMMYFUNCTION("""COMPUTED_VALUE"""),0.2893750000000001) -> 0.289375 | O46: =IFERROR(__xludf.DUMMYFUNCTION("""COMPUTED_VALUE"""),6250.500000000002) -> 6250.5 | P46: =IFERROR(__xludf.DUMMYFUNCTION("""COMPUTED_VALUE"""),"UAL") -> UAL | Q46: =IFERROR(__xludf.DUMMYFUNCTION("""COMPUTED_VALUE"""),"NO ECAC") -> NO ECAC
A47: =IFERROR(__xludf.DUMMYFUNCTION("""COMPUTED_VALUE"""),"IBE04TP") -> IBE04TP | B47: =IFERROR(__xludf.DUMMYFUNCTION("""COMPUTED_VALUE"""),"A321") -> A321 | C47: =IFERROR(__xludf.DUMMYFUNCTION("""COMPUTED_VALUE"""),"LEMD") -> LEMD | D47: =IFERROR(__xludf.DUMMYFUNCTION("""COMPUTED_VALUE"""),"LEBL") -> LEBL | E47: =IFERROR(__xludf.DUMMYFUNCTION("""COMPUTED_VALUE"""),"ECJZM") -> ECJZM | F47: =IFERROR(__xludf.DUMMYFUNCTION("""COMPUTED_VALUE"""),260.0) -> 260 | G47: =IFERROR(__xludf.DUMMYFUNCTION("""COMPUTED_VALUE"""),0.2263888888888889) -> 0.22638889 | H47: =IFERROR(__xludf.DUMMYFUNCTION("""COMPUTED_VALUE"""),16.0) -> 16 | I47: =IFERROR(__xludf.DUMMYFUNCTION("""COMPUTED_VALUE"""),0.2673611111111111) -> 0.26736111 | J47: =IFERROR(__xludf.DUMMYFUNCTION("""COMPUTED_VALUE"""),"D") -> D | K47: =IFERROR(__xludf.DUMMYFUNCTION("""COMPUTED_VALUE"""),207.0) -> 207 | L47: =IFERROR(__xludf.DUMMYFUNCTION("""COMPUTED_VALUE"""),0.040972222222222215) -> 0.040972222 | M47: =IFERROR(__xludf.DUMMYFUNCTION("""COMPUTED_VALUE"""),0.017152777777777767) -> 0.017152778 | O47: =IFERROR(__xludf.DUMMYFUNCTION("""COMPUTED_VALUE"""),341.6833333333331) -> 341.68333 | P47: =IFERROR(__xludf.DUMMYFUNCTION("""COMPUTED_VALUE"""),"IBE") -> IBE | Q47: =IFERROR(__xludf.DUMMYFUNCTION("""COMPUTED_VALUE"""),"ECAC") -> ECAC
A48: =IFERROR(__xludf.DUMMYFUNCTION("""COMPUTED_VALUE"""),"RYR519Z") -> RYR519Z | B48: =IFERROR(__xludf.DUMMYFUNCTION("""COMPUTED_VALUE"""),"B738") -> B738 | C48: =IFERROR(__xludf.DUMMYFUNCTION("""COMPUTED_VALUE"""),"EVRA") -> EVRA | D48: =IFERROR(__xludf.DUMMYFUNCTION("""COMPUTED_VALUE"""),"LEBL") -> LEBL | E48: =IFERROR(__xludf.DUMMYFUNCTION("""COMPUTED_VALUE"""),"SPRKS") -> SPRKS | F48: =IFERROR(__xludf.DUMMYFUNCTION("""COMPUTED_VALUE"""),370.0) -> 370 | G48: =IFERROR(__xludf.DUMMYFUNCTION("""COMPUTED_VALUE"""),0.1326388888888889) -> 0.13263889 | H48: =IFERROR(__xludf.DUMMYFUNCTION("""COMPUTED_VALUE"""),9.0) -> 9 | I48: =IFERROR(__xludf.DUMMYFUNCTION("""COMPUTED_VALUE"""),0.2673611111111111) -> 0.26736111 | J48: =IFERROR(__xludf.DUMMYFUNCTION("""COMPUTED_VALUE"""),"D") -> D | K48: =IFERROR(__xludf.DUMMYFUNCTION("""COMPUTED_VALUE"""),184.0) -> 184 | L48: =IFERROR(__xludf.DUMMYFUNCTION("""COMPUTED_VALUE"""),0.13472222222222222) -> 0.13472222 | M48: =IFERROR(__xludf.DUMMYFUNCTION("""COMPUTED_VALUE"""),0.11576388888888887) -> 0.11576389 | O48: =IFERROR(__xludf.DUMMYFUNCTION("""COMPUTED_VALUE"""),2306.0166666666664) -> 2306.0167 | P48: =IFERROR(__xludf.DUMMYFUNCTION("""COMPUTED_VALUE"""),"RYR") -> RYR | Q48: =IFERROR(__xludf.DUMMYFUNCTION("""COMPUTED_VALUE"""),"ECAC") -> ECAC
A49: =IFERROR(__xludf.DUMMYFUNCTION("""COMPUTED_VALUE"""),"VLG1423") -> VLG1423 | B49: =IFERROR(__xludf.DUMMYFUNCTION("""COMPUTED_VALUE"""),"A320") -> A320 | C49: =IFERROR(__xludf.DUMMYFUNCTION("""COMPUTED_VALUE"""),"LEBB") -> LEBB | D49: =IFERROR(__xludf.DUMMYFUNCTION("""COMPUTED_VALUE"""),"LEBL") -> LEBL | E49: =IFERROR(__xludf.DUMMYFUNCTION("""COMPUTED_VALUE"""),"ECJYX") -> ECJYX | F49: =IFERROR(__xludf.DUMMYFUNCTION("""COMPUTED_VALUE"""),300.0) -> 300 | G49: =IFERROR(__xludf.DUMMYFUNCTION("""COMPUTED_VALUE"""),0.23055555555555557) -> 0.23055556 | H49: =IFERROR(__xludf.DUMMYFUNCTION("""COMPUTED_VALUE"""),7.0) -> 7 | I49: =IFERROR(__xludf.DUMMYFUNCTION("""COMPUTED_VALUE"""),0.2673611111111111) -> 0.26736111 | J49: =IFERROR(__xludf.DUMMYFUNCTION("""COMPUTED_VALUE"""),"D") -> D | K49: =IFERROR(__xludf.DUMMYFUNCTION("""COMPUTED_VALUE"""),173.0) -> 173 | L49: =IFERROR(__xludf.DUMMYFUNCTION("""COMPUTED_VALUE"""),0.036805555555555536) -> 0.036805556 | M49: =IFERROR(__xludf.DUMMYFUNCTION("""COMPUTED_VALUE"""),0.01923611111111109) -> 0.019236111 | O49: =IFERROR(__xludf.DUMMYFUNCTION("""COMPUTED_VALUE"""),383.1833333333329) -> 383.18333 | P49: =IFERROR(__xludf.DUMMYFUNCTION("""COMPUTED_VALUE"""),"VLG") -> VLG | Q49: =IFERROR(__xludf.DUMMYFUNCTION("""COMPUTED_VALUE"""),"ECAC") -> ECAC
A50: =IFERROR(__xludf.DUMMYFUNCTION("""COMPUTED_VALUE"""),"WZZ9AR") -> WZZ9AR | B50: =IFERROR(__xludf.DUMMYFUNCTION("""COMPUTED_VALUE"""),"A21N") -> A21N | C50: =IFERROR(__xludf.DUMMYFUNCTION("""COMPUTED_VALUE"""),"EPWA") -> EPWA | D50: =IFERROR(__xludf.DUMMYFUNCTION("""COMPUTED_VALUE"""),"LEBL") -> LEBL | E50: =IFERROR(__xludf.DUMMYFUNCTION("""COMPUTED_VALUE"""),"9HWDT") -> 9HWDT | F50: =IFERROR(__xludf.DUMMYFUNCTION("""COMPUTED_VALUE"""),370.0) -> 370 | G50: =IFERROR(__xludf.DUMMYFUNCTION("""COMPUTED_VALUE"""),0.1673611111111111) -> 0.16736111 | H50: =IFERROR(__xludf.DUMMYFUNCTION("""COMPUTED_VALUE"""),16.0) -> 16 | I50: =IFERROR(__xludf.DUMMYFUNCTION("""COMPUTED_VALUE"""),0.2708333333333333) -> 0.27083333 | J50: =IFERROR(__xludf.DUMMYFUNCTION("""COMPUTED_VALUE"""),"D") -> D | K50: =IFERROR(__xludf.DUMMYFUNCTION("""COMPUTED_VALUE"""),200.0) -> 200 | L50: =IFERROR(__xludf.DUMMYFUNCTION("""COMPUTED_VALUE"""),0.10347222222222222) -> 0.10347222 | M50: =IFERROR(__xludf.DUMMYFUNCTION("""COMPUTED_VALUE"""),0.07965277777777777) -> 0.079652778 | O50: =IFERROR(__xludf.DUMMYFUNCTION("""COMPUTED_VALUE"""),1586.6833333333332) -> 1586.6833 | P50: =IFERROR(__xludf.DUMMYFUNCTION("""COMPUTED_VALUE"""),"WZZ") -> WZZ | Q50: =IFERROR(__xludf.DUMMYFUNCTION("""COMPUTED_VALUE"""),"ECAC") -> ECAC
A51: =IFERROR(__xludf.DUMMYFUNCTION("""COMPUTED_VALUE"""),"RYR11SX") -> RYR11SX | B51: =IFERROR(__xludf.DUMMYFUNCTION("""COMPUTED_VALUE"""),"B38M") -> B38M | C51: =IFERROR(__xludf.DUMMYFUNCTION("""COMPUTED_VALUE"""),"EPKK") -> EPKK | D51: =IFERROR(__xludf.DUMMYFUNCTION("""COMPUTED_VALUE"""),"LEBL") -> LEBL | E51: =IFERROR(__xludf.DUMMYFUNCTION("""COMPUTED_VALUE"""),"SPRZI") -> SPRZI | F51: =IFERROR(__xludf.DUMMYFUNCTION("""COMPUTED_VALUE"""),350.0) -> 350 | G51: =IFERROR(__xludf.DUMMYFUNCTION("""COMPUTED_VALUE"""),0.18263888888888888) -> 0.18263889 | H51: =IFERROR(__xludf.DUMMYFUNCTION("""COMPUTED_VALUE"""),15.0) -> 15 | I51: =IFERROR(__xludf.DUMMYFUNCTION("""COMPUTED_VALUE"""),0.2708333333333333) -> 0.27083333 | J51: =IFERROR(__xludf.DUMMYFUNCTION("""COMPUTED_VALUE"""),"D") -> D | K51: =IFERROR(__xludf.DUMMYFUNCTION("""COMPUTED_VALUE"""),186.0) -> 186 | L51: =IFERROR(__xludf.DUMMYFUNCTION("""COMPUTED_VALUE"""),0.08819444444444444) -> 0.088194444 | M51: =IFERROR(__xludf.DUMMYFUNCTION("""COMPUTED_VALUE"""),0.06506944444444443) -> 0.065069444 | O51: =IFERROR(__xludf.DUMMYFUNCTION("""COMPUTED_VALUE"""),1296.183333333333) -> 1296.1833 | P51: =IFERROR(__xludf.DUMMYFUNCTION("""COMPUTED_VALUE"""),"RYR") -> RYR | Q51: =IFERROR(__xludf.DUMMYFUNCTION("""COMPUTED_VALUE"""),"ECAC") -> ECAC
A52: =IFERROR(__xludf.DUMMYFUNCTION("""COMPUTED_VALUE"""),"KLM1497") -> KLM1497 | B52: =IFERROR(__xludf.DUMMYFUNCTION("""COMPUTED_VALUE"""),"E190") -> E190 | C52: =IFERROR(__xludf.DUMMYFUNCTION("""COMPUTED_VALUE"""),"EHAM") -> EHAM | D52: =IFERROR(__xludf.DUMMYFUNCTION("""COMPUTED_VALUE"""),"LEBL") -> LEBL | E52: =IFERROR(__xludf.DUMMYFUNCTION("""COMPUTED_VALUE"""),"DACJJ") -> DACJJ | F52: =IFERROR(__xludf.DUMMYFUNCTION("""COMPUTED_VALUE"""),390.0) -> 390 | G52: =IFERROR(__xludf.DUMMYFUNCTION("""COMPUTED_VALUE"""),0.2013888888888889) -> 0.20138889 | H52: =IFERROR(__xludf.DUMMYFUNCTION("""COMPUTED_VALUE"""),18.0) -> 18 | I52: =IFERROR(__xludf.DUMMYFUNCTION("""COMPUTED_VALUE"""),0.2708333333333333) -> 0.27083333 | J52: =IFERROR(__xludf.DUMMYFUNCTION("""COMPUTED_VALUE"""),"E") -> E | K52: =IFERROR(__xludf.DUMMYFUNCTION("""COMPUTED_VALUE"""),104.0) -> 104 | L52: =IFERROR(__xludf.DUMMYFUNCTION("""COMPUTED_VALUE"""),0.06944444444444442) -> 0.069444444 | M52: =IFERROR(__xludf.DUMMYFUNCTION("""COMPUTED_VALUE"""),0.04423611111111109) -> 0.044236111 | O52: =IFERROR(__xludf.DUMMYFUNCTION("""COMPUTED_VALUE"""),477.7499999999997) -> 477.75 | P52: =IFERROR(__xludf.DUMMYFUNCTION("""COMPUTED_VALUE"""),"KLM") -> KLM | Q52: =IFERROR(__xludf.DUMMYFUNCTION("""COMPUTED_VALUE"""),"ECAC") -> ECAC
A53: =IFERROR(__xludf.DUMMYFUNCTION("""COMPUTED_VALUE"""),"UAL120") -> UAL120 | B53: =IFERROR(__xludf.DUMMYFUNCTION("""COMPUTED_VALUE"""),"B772") -> B772 | C53: =IFERROR(__xludf.DUMMYFUNCTION("""COMPUTED_VALUE"""),"KEWR") -> KEWR | D53: =IFERROR(__xludf.DUMMYFUNCTION("""COMPUTED_VALUE"""),"LEBL") -> LEBL | E53: =IFERROR(__xludf.DUMMYFUNCTION("""COMPUTED_VALUE"""),"N795UA") -> N795UA | F53: =IFERROR(__xludf.DUMMYFUNCTION("""COMPUTED_VALUE"""),390.0) -> 390 | G53: =IFERROR(__xludf.DUMMYFUNCTION("""COMPUTED_VALUE"""),0.9756944444444444) -> 0.97569444 | H53: =IFERROR(__xludf.DUMMYFUNCTION("""COMPUTED_VALUE"""),10.0) -> 10 | I53: =IFERROR(__xludf.DUMMYFUNCTION("""COMPUTED_VALUE"""),0.2743055555555556) -> 0.27430556 | J53: =IFERROR(__xludf.DUMMYFUNCTION("""COMPUTED_VALUE"""),"B") -> B | K53: =IFERROR(__xludf.DUMMYFUNCTION("""COMPUTED_VALUE"""),296.0) -> 296 | L53: =IFERROR(__xludf.DUMMYFUNCTION("""COMPUTED_VALUE"""),0.29861111111111116) -> 0.29861111 | M53: =IFERROR(__xludf.DUMMYFUNCTION("""COMPUTED_VALUE"""),0.2789583333333334) -> 0.27895833 | O53: =IFERROR(__xludf.DUMMYFUNCTION("""COMPUTED_VALUE"""),6025.500000000002) -> 6025.5 | P53: =IFERROR(__xludf.DUMMYFUNCTION("""COMPUTED_VALUE"""),"UAL") -> UAL | Q53: =IFERROR(__xludf.DUMMYFUNCTION("""COMPUTED_VALUE"""),"NO ECAC") -> NO ECAC
A54: =IFERROR(__xludf.DUMMYFUNCTION("""COMPUTED_VALUE"""),"UAE81W") -> UAE81W | B54: =IFERROR(__xludf.DUMMYFUNCTION("""COMPUTED_VALUE"""),"B77L") -> B77L | C54: =IFERROR(__xludf.DUMMYFUNCTION("""COMPUTED_VALUE"""),"OMDB") -> OMDB | D54: =IFERROR(__xludf.DUMMYFUNCTION("""COMPUTED_VALUE"""),"LEBL") -> LEBL | E54: =IFERROR(__xludf.DUMMYFUNCTION("""COMPUTED_VALUE"""),"A6EWJ") -> A6EWJ | F54: =IFERROR(__xludf.DUMMYFUNCTION("""COMPUTED_VALUE"""),380.0) -> 380 | G54: =IFERROR(__xludf.DUMMYFUNCTION("""COMPUTED_VALUE"""),0.9826388888888888) -> 0.98263889 | H54: =IFERROR(__xludf.DUMMYFUNCTION("""COMPUTED_VALUE"""),10.0) -> 10 | I54: =IFERROR(__xludf.DUMMYFUNCTION("""COMPUTED_VALUE"""),0.2743055555555556) -> 0.27430556 | J54: =IFERROR(__xludf.DUMMYFUNCTION("""COMPUTED_VALUE"""),"B") -> B | K54: =IFERROR(__xludf.DUMMYFUNCTION("""COMPUTED_VALUE"""),302.0) -> 302 | L54: =IFERROR(__xludf.DUMMYFUNCTION("""COMPUTED_VALUE"""),0.29166666666666674) -> 0.29166667 | M54: =IFERROR(__xludf.DUMMYFUNCTION("""COMPUTED_VALUE"""),0.272013888888889) -> 0.27201389 | O54: =IFERROR(__xludf.DUMMYFUNCTION("""COMPUTED_VALUE"""),5875.500000000003) -> 5875.5 | P54: =IFERROR(__xludf.DUMMYFUNCTION("""COMPUTED_VALUE"""),"UAE") -> UAE | Q54: =IFERROR(__xludf.DUMMYFUNCTION("""COMPUTED_VALUE"""),"NO ECAC") -> NO ECAC
A55: =IFERROR(__xludf.DUMMYFUNCTION("""COMPUTED_VALUE"""),"AAL742") -> AAL742 | B55: =IFERROR(__xludf.DUMMYFUNCTION("""COMPUTED_VALUE"""),"B789") -> B789 | C55: =IFERROR(__xludf.DUMMYFUNCTION("""COMPUTED_VALUE"""),"KPHL") -> KPHL | D55: =IFERROR(__xludf.DUMMYFUNCTION("""COMPUTED_VALUE"""),"LEBL") -> LEBL | E55: =IFERROR(__xludf.DUMMYFUNCTION("""COMPUTED_VALUE"""),"N820AL") -> N820AL | F55: =IFERROR(__xludf.DUMMYFUNCTION("""COMPUTED_VALUE"""),410.0) -> 410 | G55: =IFERROR(__xludf.DUMMYFUNCTION("""COMPUTED_VALUE"""),0.9965277777777778) -> 0.99652778 | H55: =IFERROR(__xludf.DUMMYFUNCTION("""COMPUTED_VALUE"""),40.0) -> 40 | I55: =IFERROR(__xludf.DUMMYFUNCTION("""COMPUTED_VALUE"""),0.2743055555555556) -> 0.27430556 | J55: =IFERROR(__xludf.DUMMYFUNCTION("""COMPUTED_VALUE"""),"B") -> B | K55: =IFERROR(__xludf.DUMMYFUNCTION("""COMPUTED_VALUE"""),284.0) -> 284 | L55: =IFERROR(__xludf.DUMMYFUNCTION("""COMPUTED_VALUE"""),0.2777777777777778) -> 0.27777778 | M55: =IFERROR(__xludf.DUMMYFUNCTION("""COMPUTED_VALUE"""),0.23729166666666668) -> 0.23729167 | O55: =IFERROR(__xludf.DUMMYFUNCTION("""COMPUTED_VALUE"""),5125.5) -> 5125.5 | P55: =IFERROR(__xludf.DUMMYFUNCTION("""COMPUTED_VALUE"""),"AAL") -> AAL | Q55: =IFERROR(__xludf.DUMMYFUNCTION("""COMPUTED_VALUE"""),"NO ECAC") -> NO ECAC
A56: =IFERROR(__xludf.DUMMYFUNCTION("""COMPUTED_VALUE"""),"AEA58PB") -> AEA58PB | B56: =IFERROR(__xludf.DUMMYFUNCTION("""COMPUTED_VALUE"""),"B789") -> B789 | C56: =IFERROR(__xludf.DUMMYFUNCTION("""COMPUTED_VALUE"""),"LEMD") -> LEMD | D56: =IFERROR(__xludf.DUMMYFUNCTION("""COMPUTED_VALUE"""),"LEBL") -> LEBL | E56: =IFERROR(__xludf.DUMMYFUNCTION("""COMPUTED_VALUE"""),"ECOFP") -> ECOFP | F56: =IFERROR(__xludf.DUMMYFUNCTION("""COMPUTED_VALUE"""),300.0) -> 300 | G56: =IFERROR(__xludf.DUMMYFUNCTION("""COMPUTED_VALUE"""),0.2423611111111111) -> 0.24236111 | H56: =IFERROR(__xludf.DUMMYFUNCTION("""COMPUTED_VALUE"""),19.0) -> 19 | I56: =IFERROR(__xludf.DUMMYFUNCTION("""COMPUTED_VALUE"""),0.2777777777777778) -> 0.27777778 | J56: =IFERROR(__xludf.DUMMYFUNCTION("""COMPUTED_VALUE"""),"B") -> B | K56: =IFERROR(__xludf.DUMMYFUNCTION("""COMPUTED_VALUE"""),284.0) -> 284 | L56: =IFERROR(__xludf.DUMMYFUNCTION("""COMPUTED_VALUE"""),0.03541666666666668) -> 0.035416667 | M56: =IFERROR(__xludf.DUMMYFUNCTION("""COMPUTED_VALUE"""),0.0095138888888889) -> 0.0095138889 | O56: =IFERROR(__xludf.DUMMYFUNCTION("""COMPUTED_VALUE"""),205.50000000000026) -> 205.5 | P56: =IFERROR(__xludf.DUMMYFUNCTION("""COMPUTED_VALUE"""),"AEA") -> AEA | Q56: =IFERROR(__xludf.DUMMYFUNCTION("""COMPUTED_VALUE"""),"ECAC") -> ECAC
A57: =IFERROR(__xludf.DUMMYFUNCTION("""COMPUTED_VALUE"""),"NSZ56V") -> NSZ56V | B57: =IFERROR(__xludf.DUMMYFUNCTION("""COMPUTED_VALUE"""),"B38M") -> B38M | C57: =IFERROR(__xludf.DUMMYFUNCTION("""COMPUTED_VALUE"""),"EKCH") -> EKCH | D57: =IFERROR(__xludf.DUMMYFUNCTION("""COMPUTED_VALUE"""),"LEBL") -> LEBL | E57: =IFERROR(__xludf.DUMMYFUNCTION("""COMPUTED_VALUE"""),"SENAA") -> SENAA | F57: =IFERROR(__xludf.DUMMYFUNCTION("""COMPUTED_VALUE"""),410.0) -> 410 | G57: =IFERROR(__xludf.DUMMYFUNCTION("""COMPUTED_VALUE"""),0.18263888888888888) -> 0.18263889 | H57: =IFERROR(__xludf.DUMMYFUNCTION("""COMPUTED_VALUE"""),10.0) -> 10 | I57: =IFERROR(__xludf.DUMMYFUNCTION("""COMPUTED_VALUE"""),0.2777777777777778) -> 0.27777778 | J57: =IFERROR(__xludf.DUMMYFUNCTION("""COMPUTED_VALUE"""),"D") -> D | K57: =IFERROR(__xludf.DUMMYFUNCTION("""COMPUTED_VALUE"""),186.0) -> 186 | L57: =IFERROR(__xludf.DUMMYFUNCTION("""COMPUTED_VALUE"""),0.09513888888888891) -> 0.095138889 | M57: =IFERROR(__xludf.DUMMYFUNCTION("""COMPUTED_VALUE"""),0.07548611111111113) -> 0.075486111 | O57: =IFERROR(__xludf.DUMMYFUNCTION("""COMPUTED_VALUE"""),1503.6833333333336) -> 1503.6833 | P57: =IFERROR(__xludf.DUMMYFUNCTION("""COMPUTED_VALUE"""),"NSZ") -> NSZ | Q57: =IFERROR(__xludf.DUMMYFUNCTION("""COMPUTED_VALUE"""),"ECAC") -> ECAC
A58: =IFERROR(__xludf.DUMMYFUNCTION("""COMPUTED_VALUE"""),"VLG684H") -> VLG684H | B58: =IFERROR(__xludf.DUMMYFUNCTION("""COMPUTED_VALUE"""),"A320") -> A320 | C58: =IFERROR(__xludf.DUMMYFUNCTION("""COMPUTED_VALUE"""),"LEPA") -> LEPA | D58: =IFERROR(__xludf.DUMMYFUNCTION("""COMPUTED_VALUE"""),"LEBL") -> LEBL | E58: =IFERROR(__xludf.DUMMYFUNCTION("""COMPUTED_VALUE"""),"ECMAI") -> ECMAI | F58: =IFERROR(__xludf.DUMMYFUNCTION("""COMPUTED_VALUE"""),180.0) -> 180 | G58: =IFERROR(__xludf.DUMMYFUNCTION("""COMPUTED_VALUE"""),0.26180555555555557) -> 0.26180556 | H58: =IFERROR(__xludf.DUMMYFUNCTION("""COMPUTED_VALUE"""),17.0) -> 17 | I58: =IFERROR(__xludf.DUMMYFUNCTION("""COMPUTED_VALUE"""),0.2777777777777778) -> 0.27777778 | J58: =IFERROR(__xludf.DUMMYFUNCTION("""COMPUTED_VALUE"""),"D") -> D | K58: =IFERROR(__xludf.DUMMYFUNCTION("""COMPUTED_VALUE"""),173.0) -> 173 | L58: =IFERROR(__xludf.DUMMYFUNCTION("""COMPUTED_VALUE"""),0.01597222222222222) -> 0.015972222 | M58: =IFERROR(__xludf.DUMMYFUNCTION("""COMPUTED_VALUE"""),0.004166666666666666) -> 0.0041666667 | O58: =IFERROR(__xludf.DUMMYFUNCTION("""COMPUTED_VALUE"""),82.99999999999999) -> 83 | P58: =IFERROR(__xludf.DUMMYFUNCTION("""COMPUTED_VALUE"""),"VLG") -> VLG | Q58: =IFERROR(__xludf.DUMMYFUNCTION("""COMPUTED_VALUE"""),"ECAC") -> ECAC
A59: =IFERROR(__xludf.DUMMYFUNCTION("""COMPUTED_VALUE"""),"SWR4XH") -> SWR4XH | B59: =IFERROR(__xludf.DUMMYFUNCTION("""COMPUTED_VALUE"""),"A321") -> A321 | C59: =IFERROR(__xludf.DUMMYFUNCTION("""COMPUTED_VALUE"""),"LSZH") -> LSZH | D59: =IFERROR(__xludf.DUMMYFUNCTION("""COMPUTED_VALUE"""),"LEBL") -> LEBL | E59: =IFERROR(__xludf.DUMMYFUNCTION("""COMPUTED_VALUE"""),"HBIOM") -> HBIOM | F59: =IFERROR(__xludf.DUMMYFUNCTION("""COMPUTED_VALUE"""),350.0) -> 350 | G59: =IFERROR(__xludf.DUMMYFUNCTION("""COMPUTED_VALUE"""),0.22430555555555556) -> 0.22430556 | H59: =IFERROR(__xludf.DUMMYFUNCTION("""COMPUTED_VALUE"""),13.0) -> 13 | I59: =IFERROR(__xludf.DUMMYFUNCTION("""COMPUTED_VALUE"""),0.28125) -> 0.28125 | J59: =IFERROR(__xludf.DUMMYFUNCTION("""COMPUTED_VALUE"""),"D") -> D | K59: =IFERROR(__xludf.DUMMYFUNCTION("""COMPUTED_VALUE"""),207.0) -> 207 | L59: =IFERROR(__xludf.DUMMYFUNCTION("""COMPUTED_VALUE"""),0.056944444444444436) -> 0.056944444 | M59: =IFERROR(__xludf.DUMMYFUNCTION("""COMPUTED_VALUE"""),0.03520833333333333) -> 0.035208333 | O59: =IFERROR(__xludf.DUMMYFUNCTION("""COMPUTED_VALUE"""),701.3499999999999) -> 701.35 | P59: =IFERROR(__xludf.DUMMYFUNCTION("""COMPUTED_VALUE"""),"SWR") -> SWR | Q59: =IFERROR(__xludf.DUMMYFUNCTION("""COMPUTED_VALUE"""),"ECAC") -> ECAC
A60: =IFERROR(__xludf.DUMMYFUNCTION("""COMPUTED_VALUE"""),"SEU403") -> SEU403 | B60: =IFERROR(__xludf.DUMMYFUNCTION("""COMPUTED_VALUE"""),"A21N") -> A21N | C60: =IFERROR(__xludf.DUMMYFUNCTION("""COMPUTED_VALUE"""),"LUKK") -> LUKK | D60: =IFERROR(__xludf.DUMMYFUNCTION("""COMPUTED_VALUE"""),"LEBL") -> LEBL | E60: =IFERROR(__xludf.DUMMYFUNCTION("""COMPUTED_VALUE"""),"9HPEC") -> 9HPEC | F60: =IFERROR(__xludf.DUMMYFUNCTION("""COMPUTED_VALUE"""),370.0) -> 370 | G60: =IFERROR(__xludf.DUMMYFUNCTION("""COMPUTED_VALUE"""),0.16319444444444445) -> 0.16319444 | H60: =IFERROR(__xludf.DUMMYFUNCTION("""COMPUTED_VALUE"""),15.0) -> 15 | I60: =IFERROR(__xludf.DUMMYFUNCTION("""COMPUTED_VALUE"""),0.28125) -> 0.28125 | J60: =IFERROR(__xludf.DUMMYFUNCTION("""COMPUTED_VALUE"""),"D") -> D | K60: =IFERROR(__xludf.DUMMYFUNCTION("""COMPUTED_VALUE"""),200.0) -> 200 | L60: =IFERROR(__xludf.DUMMYFUNCTION("""COMPUTED_VALUE"""),0.11805555555555555) -> 0.11805556 | M60: =IFERROR(__xludf.DUMMYFUNCTION("""COMPUTED_VALUE"""),0.09493055555555555) -> 0.094930556 | O60: =IFERROR(__xludf.DUMMYFUNCTION("""COMPUTED_VALUE"""),1891.0166666666667) -> 1891.0167 | P60: =IFERROR(__xludf.DUMMYFUNCTION("""COMPUTED_VALUE"""),"SEU") -> SEU | Q60: =IFERROR(__xludf.DUMMYFUNCTION("""COMPUTED_VALUE"""),"ECAC") -> ECAC
A61: =IFERROR(__xludf.DUMMYFUNCTION("""COMPUTED_VALUE"""),"AUA391A") -> AUA391A | B61: =IFERROR(__xludf.DUMMYFUNCTION("""COMPUTED_VALUE"""),"A320") -> A320 | C61: =IFERROR(__xludf.DUMMYFUNCTION("""COMPUTED_VALUE"""),"LOWW") -> LOWW | D61: =IFERROR(__xludf.DUMMYFUNCTION("""COMPUTED_VALUE"""),"LEBL") -> LEBL | E61: =IFERROR(__xludf.DUMMYFUNCTION("""COMPUTED_VALUE"""),"OELBS") -> OELBS | F61: =IFERROR(__xludf.DUMMYFUNCTION("""COMPUTED_VALUE"""),370.0) -> 370 | G61: =IFERROR(__xludf.DUMMYFUNCTION("""COMPUTED_VALUE"""),0.21319444444444444) -> 0.21319444 | H61: =IFERROR(__xludf.DUMMYFUNCTION("""COMPUTED_VALUE"""),10.0) -> 10 | I61: =IFERROR(__xludf.DUMMYFUNCTION("""COMPUTED_VALUE"""),0.28125) -> 0.28125 | J61: =IFERROR(__xludf.DUMMYFUNCTION("""COMPUTED_VALUE"""),"D") -> D | K61: =IFERROR(__xludf.DUMMYFUNCTION("""COMPUTED_VALUE"""),173.0) -> 173 | L61: =IFERROR(__xludf.DUMMYFUNCTION("""COMPUTED_VALUE"""),0.06805555555555556) -> 0.068055556 | M61: =IFERROR(__xludf.DUMMYFUNCTION("""COMPUTED_VALUE"""),0.04840277777777778) -> 0.048402778 | O61: =IFERROR(__xludf.DUMMYFUNCTION("""COMPUTED_VALUE"""),964.1833333333333) -> 964.18333 | P61: =IFERROR(__xludf.DUMMYFUNCTION("""COMPUTED_VALUE"""),"AUA") -> AUA | Q61: =IFERROR(__xludf.DUMMYFUNCTION("""COMPUTED_VALUE"""),"ECAC") -> ECAC
A62: =IFERROR(__xludf.DUMMYFUNCTION("""COMPUTED_VALUE"""),"WMT6025") -> WMT6025 | B62: =IFERROR(__xludf.DUMMYFUNCTION("""COMPUTED_VALUE"""),"A21N") -> A21N | C62: =IFERROR(__xludf.DUMMYFUNCTION("""COMPUTED_VALUE"""),"LIRF") -> LIRF | D62: =IFERROR(__xludf.DUMMYFUNCTION("""COMPUTED_VALUE"""),"LEBL") -> LEBL | E62: =IFERROR(__xludf.DUMMYFUNCTION("""COMPUTED_VALUE"""),"9HWNQ") -> 9HWNQ | F62: =IFERROR(__xludf.DUMMYFUNCTION("""COMPUTED_VALUE"""),340.0) -> 340 | G62: =IFERROR(__xludf.DUMMYFUNCTION("""COMPUTED_VALUE"""),0.2361111111111111) -> 0.23611111 | H62: =IFERROR(__xludf.DUMMYFUNCTION("""COMPUTED_VALUE"""),15.0) -> 15 | I62: =IFERROR(__xludf.DUMMYFUNCTION("""COMPUTED_VALUE"""),0.2847222222222222) -> 0.28472222 | J62: =IFERROR(__xludf.DUMMYFUNCTION("""COMPUTED_VALUE"""),"D") -> D | K62: =IFERROR(__xludf.DUMMYFUNCTION("""COMPUTED_VALUE"""),200.0) -> 200 | L62: =IFERROR(__xludf.DUMMYFUNCTION("""COMPUTED_VALUE"""),0.048611111111111105) -> 0.048611111 | M62: =IFERROR(__xludf.DUMMYFUNCTION("""COMPUTED_VALUE"""),0.025486111111111105) -> 0.025486111 | O62: =IFERROR(__xludf.DUMMYFUNCTION("""COMPUTED_VALUE"""),507.6833333333333) -> 507.68333 | P62: =IFERROR(__xludf.DUMMYFUNCTION("""COMPUTED_VALUE"""),"WMT") -> WMT | Q62: =IFERROR(__xludf.DUMMYFUNCTION("""COMPUTED_VALUE"""),"ECAC") -> ECAC
A63: =IFERROR(__xludf.DUMMYFUNCTION("""COMPUTED_VALUE"""),"WZZ2407") -> WZZ2407 | B63: =IFERROR(__xludf.DUMMYFUNCTION("""COMPUTED_VALUE"""),"A21N") -> A21N | C63: =IFERROR(__xludf.DUMMYFUNCTION("""COMPUTED_VALUE"""),"EPWR") -> EPWR | D63: =IFERROR(__xludf.DUMMYFUNCTION("""COMPUTED_VALUE"""),"LEBL") -> LEBL | E63: =IFERROR(__xludf.DUMMYFUNCTION("""COMPUTED_VALUE"""),"9HWMG") -> 9HWMG | F63: =IFERROR(__xludf.DUMMYFUNCTION("""COMPUTED_VALUE"""),370.0) -> 370 | G63: =IFERROR(__xludf.DUMMYFUNCTION("""COMPUTED_VALUE"""),0.19722222222222222) -> 0.19722222 | H63: =IFERROR(__xludf.DUMMYFUNCTION("""COMPUTED_VALUE"""),9.0) -> 9 | I63: =IFERROR(__xludf.DUMMYFUNCTION("""COMPUTED_VALUE"""),0.2881944444444444) -> 0.28819444 | J63: =IFERROR(__xludf.DUMMYFUNCTION("""COMPUTED_VALUE"""),"D") -> D | K63: =IFERROR(__xludf.DUMMYFUNCTION("""COMPUTED_VALUE"""),200.0) -> 200 | L63: =IFERROR(__xludf.DUMMYFUNCTION("""COMPUTED_VALUE"""),0.0909722222222222) -> 0.090972222 | M63: =IFERROR(__xludf.DUMMYFUNCTION("""COMPUTED_VALUE"""),0.07201388888888886) -> 0.072013889 | O63: =IFERROR(__xludf.DUMMYFUNCTION("""COMPUTED_VALUE"""),1434.516666666666) -> 1434.5167 | P63: =IFERROR(__xludf.DUMMYFUNCTION("""COMPUTED_VALUE"""),"WZZ") -> WZZ | Q63: =IFERROR(__xludf.DUMMYFUNCTION("""COMPUTED_VALUE"""),"ECAC") -> ECAC
A64: =IFERROR(__xludf.DUMMYFUNCTION("""COMPUTED_VALUE"""),"AFR17ZG") -> AFR17ZG | B64: =IFERROR(__xludf.DUMMYFUNCTION("""COMPUTED_VALUE"""),"A321") -> A321 | C64: =IFERROR(__xludf.DUMMYFUNCTION("""COMPUTED_VALUE"""),"LFPG") -> LFPG | D64: =IFERROR(__xludf.DUMMYFUNCTION("""COMPUTED_VALUE"""),"LEBL") -> LEBL | E64: =IFERROR(__xludf.DUMMYFUNCTION("""COMPUTED_VALUE"""),"FGTAP") -> FGTAP | F64: =IFERROR(__xludf.DUMMYFUNCTION("""COMPUTED_VALUE"""),330.0) -> 330 | G64: =IFERROR(__xludf.DUMMYFUNCTION("""COMPUTED_VALUE"""),0.22916666666666666) -> 0.22916667 | H64: =IFERROR(__xludf.DUMMYFUNCTION("""COMPUTED_VALUE"""),13.0) -> 13 | I64: =IFERROR(__xludf.DUMMYFUNCTION("""COMPUTED_VALUE"""),0.2881944444444444) -> 0.28819444 | J64: =IFERROR(__xludf.DUMMYFUNCTION("""COMPUTED_VALUE"""),"D") -> D | K64: =IFERROR(__xludf.DUMMYFUNCTION("""COMPUTED_VALUE"""),207.0) -> 207 | L64: =IFERROR(__xludf.DUMMYFUNCTION("""COMPUTED_VALUE"""),0.05902777777777776) -> 0.059027778 | M64: =IFERROR(__xludf.DUMMYFUNCTION("""COMPUTED_VALUE"""),0.037291666666666654) -> 0.037291667 | O64: =IFERROR(__xludf.DUMMYFUNCTION("""COMPUTED_VALUE"""),742.8499999999997) -> 742.85 | P64: =IFERROR(__xludf.DUMMYFUNCTION("""COMPUTED_VALUE"""),"AFR") -> AFR | Q64: =IFERROR(__xludf.DUMMYFUNCTION("""COMPUTED_VALUE"""),"ECAC") -> ECAC
A65: =IFERROR(__xludf.DUMMYFUNCTION("""COMPUTED_VALUE"""),"VLG36GQ") -> VLG36GQ | B65: =IFERROR(__xludf.DUMMYFUNCTION("""COMPUTED_VALUE"""),"A320") -> A320 | C65: =IFERROR(__xludf.DUMMYFUNCTION("""COMPUTED_VALUE"""),"EHAM") -> EHAM | D65: =IFERROR(__xludf.DUMMYFUNCTION("""COMPUTED_VALUE"""),"LEBL") -> LEBL | E65: =IFERROR(__xludf.DUMMYFUNCTION("""COMPUTED_VALUE"""),"ECMVE") -> ECMVE | F65: =IFERROR(__xludf.DUMMYFUNCTION("""COMPUTED_VALUE"""),390.0) -> 390 | G65: =IFERROR(__xludf.DUMMYFUNCTION("""COMPUTED_VALUE"""),0.21458333333333332) -> 0.21458333 | H65: =IFERROR(__xludf.DUMMYFUNCTION("""COMPUTED_VALUE"""),10.0) -> 10 | I65: =IFERROR(__xludf.DUMMYFUNCTION("""COMPUTED_VALUE"""),0.2881944444444444) -> 0.28819444 | J65: =IFERROR(__xludf.DUMMYFUNCTION("""COMPUTED_VALUE"""),"D") -> D | K65: =IFERROR(__xludf.DUMMYFUNCTION("""COMPUTED_VALUE"""),173.0) -> 173 | L65: =IFERROR(__xludf.DUMMYFUNCTION("""COMPUTED_VALUE"""),0.0736111111111111) -> 0.073611111 | M65: =IFERROR(__xludf.DUMMYFUNCTION("""COMPUTED_VALUE"""),0.053958333333333316) -> 0.053958333 | O65: =IFERROR(__xludf.DUMMYFUNCTION("""COMPUTED_VALUE"""),1074.8499999999997) -> 1074.85 | P65: =IFERROR(__xludf.DUMMYFUNCTION("""COMPUTED_VALUE"""),"VLG") -> VLG | Q65: =IFERROR(__xludf.DUMMYFUNCTION("""COMPUTED_VALUE"""),"ECAC") -> ECAC
A66: =IFERROR(__xludf.DUMMYFUNCTION("""COMPUTED_VALUE"""),"ELY393") -> ELY393 | B66: =IFERROR(__xludf.DUMMYFUNCTION("""COMPUTED_VALUE"""),"B739") -> B739 | C66: =IFERROR(__xludf.DUMMYFUNCTION("""COMPUTED_VALUE"""),"LLBG") -> LLBG | D66: =IFERROR(__xludf.DUMMYFUNCTION("""COMPUTED_VALUE"""),"LEBL") -> LEBL | E66: =IFERROR(__xludf.DUMMYFUNCTION("""COMPUTED_VALUE"""),"4XEHB") -> 4XEHB | F66: =IFERROR(__xludf.DUMMYFUNCTION("""COMPUTED_VALUE"""),360.0) -> 360 | G66: =IFERROR(__xludf.DUMMYFUNCTION("""COMPUTED_VALUE"""),0.13819444444444445) -> 0.13819444 | H66: =IFERROR(__xludf.DUMMYFUNCTION("""COMPUTED_VALUE"""),15.0) -> 15 | I66: =IFERROR(__xludf.DUMMYFUNCTION("""COMPUTED_VALUE"""),0.2916666666666667) -> 0.29166667 | J66: =IFERROR(__xludf.DUMMYFUNCTION("""COMPUTED_VALUE"""),"D") -> D | K66: =IFERROR(__xludf.DUMMYFUNCTION("""COMPUTED_VALUE"""),183.0) -> 183 | L66: =IFERROR(__xludf.DUMMYFUNCTION("""COMPUTED_VALUE"""),0.15347222222222223) -> 0.15347222 | M66: =IFERROR(__xludf.DUMMYFUNCTION("""COMPUTED_VALUE"""),0.13034722222222225) -> 0.13034722 | O66: =IFERROR(__xludf.DUMMYFUNCTION("""COMPUTED_VALUE"""),2596.516666666667) -> 2596.5167 | P66: =IFERROR(__xludf.DUMMYFUNCTION("""COMPUTED_VALUE"""),"ELY") -> ELY | Q66: =IFERROR(__xludf.DUMMYFUNCTION("""COMPUTED_VALUE"""),"NO ECAC") -> NO ECAC
A67: =IFERROR(__xludf.DUMMYFUNCTION("""COMPUTED_VALUE"""),"RYR95TH") -> RYR95TH | B67: =IFERROR(__xludf.DUMMYFUNCTION("""COMPUTED_VALUE"""),"B738") -> B738 | C67: =IFERROR(__xludf.DUMMYFUNCTION("""COMPUTED_VALUE"""),"EGSS") -> EGSS | D67: =IFERROR(__xludf.DUMMYFUNCTION("""COMPUTED_VALUE"""),"LEBL") -> LEBL | E67: =IFERROR(__xludf.DUMMYFUNCTION("""COMPUTED_VALUE"""),"EIDWM") -> EIDWM | F67: =IFERROR(__xludf.DUMMYFUNCTION("""COMPUTED_VALUE"""),350.0) -> 350 | G67: =IFERROR(__xludf.DUMMYFUNCTION("""COMPUTED_VALUE"""),0.21805555555555556) -> 0.21805556 | H67: =IFERROR(__xludf.DUMMYFUNCTION("""COMPUTED_VALUE"""),14.0) -> 14 | I67: =IFERROR(__xludf.DUMMYFUNCTION("""COMPUTED_VALUE"""),0.2916666666666667) -> 0.29166667 | J67: =IFERROR(__xludf.DUMMYFUNCTION("""COMPUTED_VALUE"""),"D") -> D | K67: =IFERROR(__xludf.DUMMYFUNCTION("""COMPUTED_VALUE"""),184.0) -> 184 | L67: =IFERROR(__xludf.DUMMYFUNCTION("""COMPUTED_VALUE"""),0.07361111111111113) -> 0.073611111 | M67: =IFERROR(__xludf.DUMMYFUNCTION("""COMPUTED_VALUE"""),0.05118055555555557) -> 0.051180556 | O67: =IFERROR(__xludf.DUMMYFUNCTION("""COMPUTED_VALUE"""),1019.516666666667) -> 1019.5167 | P67: =IFERROR(__xludf.DUMMYFUNCTION("""COMPUTED_VALUE"""),"RYR") -> RYR | Q67: =IFERROR(__xludf.DUMMYFUNCTION("""COMPUTED_VALUE"""),"ECAC") -> ECAC
A68: =IFERROR(__xludf.DUMMYFUNCTION("""COMPUTED_VALUE"""),"WMT641") -> WMT641 | B68: =IFERROR(__xludf.DUMMYFUNCTION("""COMPUTED_VALUE"""),"A321") -> A321 | C68: =IFERROR(__xludf.DUMMYFUNCTION("""COMPUTED_VALUE"""),"LATI") -> LATI | D68: =IFERROR(__xludf.DUMMYFUNCTION("""COMPUTED_VALUE"""),"LEBL") -> LEBL | E68: =IFERROR(__xludf.DUMMYFUNCTION("""COMPUTED_VALUE"""),"HALTC") -> HALTC | F68: =IFERROR(__xludf.DUMMYFUNCTION("""COMPUTED_VALUE"""),370.0) -> 370 | G68: =IFERROR(__xludf.DUMMYFUNCTION("""COMPUTED_VALUE"""),0.20069444444444445) -> 0.20069444 | H68: =IFERROR(__xludf.DUMMYFUNCTION("""COMPUTED_VALUE"""),5.0) -> 5 | I68: =IFERROR(__xludf.DUMMYFUNCTION("""COMPUTED_VALUE"""),0.2916666666666667) -> 0.29166667 | J68: =IFERROR(__xludf.DUMMYFUNCTION("""COMPUTED_VALUE"""),"D") -> D | K68: =IFERROR(__xludf.DUMMYFUNCTION("""COMPUTED_VALUE"""),207.0) -> 207 | L68: =IFERROR(__xludf.DUMMYFUNCTION("""COMPUTED_VALUE"""),0.09097222222222223) -> 0.090972222 | M68: =IFERROR(__xludf.DUMMYFUNCTION("""COMPUTED_VALUE"""),0.07479166666666667) -> 0.074791667 | O68: =IFERROR(__xludf.DUMMYFUNCTION("""COMPUTED_VALUE"""),1489.8500000000001) -> 1489.85 | P68: =IFERROR(__xludf.DUMMYFUNCTION("""COMPUTED_VALUE"""),"WMT") -> WMT | Q68: =IFERROR(__xludf.DUMMYFUNCTION("""COMPUTED_VALUE"""),"ECAC") -> ECAC
A69: =IFERROR(__xludf.DUMMYFUNCTION("""COMPUTED_VALUE"""),"VLG4TJ") -> VLG4TJ | B69: =IFERROR(__xludf.DUMMYFUNCTION("""COMPUTED_VALUE"""),"A321") -> A321 | C69: =IFERROR(__xludf.DUMMYFUNCTION("""COMPUTED_VALUE"""),"LEPA") -> LEPA | D69: =IFERROR(__xludf.DUMMYFUNCTION("""COMPUTED_VALUE"""),"LEBL") -> LEBL | E69: =IFERROR(__xludf.DUMMYFUNCTION("""COMPUTED_VALUE"""),"ECMLD") -> ECMLD | F69: =IFERROR(__xludf.DUMMYFUNCTION("""COMPUTED_VALUE"""),180.0) -> 180 | G69: =IFERROR(__xludf.DUMMYFUNCTION("""COMPUTED_VALUE"""),0.2791666666666667) -> 0.27916667 | H69: =IFERROR(__xludf.DUMMYFUNCTION("""COMPUTED_VALUE"""),17.0) -> 17 | I69: =IFERROR(__xludf.DUMMYFUNCTION("""COMPUTED_VALUE"""),0.2951388888888889) -> 0.29513889 | J69: =IFERROR(__xludf.DUMMYFUNCTION("""COMPUTED_VALUE"""),"D") -> D | K69: =IFERROR(__xludf.DUMMYFUNCTION("""COMPUTED_VALUE"""),207.0) -> 207 | L69: =IFERROR(__xludf.DUMMYFUNCTION("""COMPUTED_VALUE"""),0.01597222222222222) -> 0.015972222 | M69: =IFERROR(__xludf.DUMMYFUNCTION("""COMPUTED_VALUE"""),0.004166666666666666) -> 0.0041666667 | O69: =IFERROR(__xludf.DUMMYFUNCTION("""COMPUTED_VALUE"""),82.99999999999999) -> 83 | P69: =IFERROR(__xludf.DUMMYFUNCTION("""COMPUTED_VALUE"""),"VLG") -> VLG | Q69: =IFERROR(__xludf.DUMMYFUNCTION("""COMPUTED_VALUE"""),"ECAC") -> ECAC
A70: =IFERROR(__xludf.DUMMYFUNCTION("""COMPUTED_VALUE"""),"WZZ636") -> WZZ636 | B70: =IFERROR(__xludf.DUMMYFUNCTION("""COMPUTED_VALUE"""),"A21N") -> A21N | C70: =IFERROR(__xludf.DUMMYFUNCTION("""COMPUTED_VALUE"""),"LHBP") -> LHBP | D70: =IFERROR(__xludf.DUMMYFUNCTION("""COMPUTED_VALUE"""),"LEBL") -> LEBL | E70: =IFERROR(__xludf.DUMMYFUNCTION("""COMPUTED_VALUE"""),"9HWDJ") -> 9HWDJ | F70: =IFERROR(__xludf.DUMMYFUNCTION("""COMPUTED_VALUE"""),350.0) -> 350 | G70: =IFERROR(__xludf.DUMMYFUNCTION("""COMPUTED_VALUE"""),0.2152777777777778) -> 0.21527778 | H70: =IFERROR(__xludf.DUMMYFUNCTION("""COMPUTED_VALUE"""),10.0) -> 10 | I70: =IFERROR(__xludf.DUMMYFUNCTION("""COMPUTED_VALUE"""),0.2951388888888889) -> 0.29513889 | J70: =IFERROR(__xludf.DUMMYFUNCTION("""COMPUTED_VALUE"""),"D") -> D | K70: =IFERROR(__xludf.DUMMYFUNCTION("""COMPUTED_VALUE"""),200.0) -> 200 | L70: =IFERROR(__xludf.DUMMYFUNCTION("""COMPUTED_VALUE"""),0.0798611111111111) -> 0.079861111 | M70: =IFERROR(__xludf.DUMMYFUNCTION("""COMPUTED_VALUE"""),0.06020833333333332) -> 0.060208333 | O70: =IFERROR(__xludf.DUMMYFUNCTION("""COMPUTED_VALUE"""),1199.35) -> 1199.35 | P70: =IFERROR(__xludf.DUMMYFUNCTION("""COMPUTED_VALUE"""),"WZZ") -> WZZ | Q70: =IFERROR(__xludf.DUMMYFUNCTION("""COMPUTED_VALUE"""),"ECAC") -> ECAC
A71: =IFERROR(__xludf.DUMMYFUNCTION("""COMPUTED_VALUE"""),"MAC377C") -> MAC377C | B71: =IFERROR(__xludf.DUMMYFUNCTION("""COMPUTED_VALUE"""),"A320") -> A320 | C71: =IFERROR(__xludf.DUMMYFUNCTION("""COMPUTED_VALUE"""),"GMTT") -> GMTT | D71: =IFERROR(__xludf.DUMMYFUNCTION("""COMPUTED_VALUE"""),"LEBL") -> LEBL | E71: =IFERROR(__xludf.DUMMYFUNCTION("""COMPUTED_VALUE"""),"CNNML") -> CNNML | F71: =IFERROR(__xludf.DUMMYFUNCTION("""COMPUTED_VALUE"""),380.0) -> 380 | G71: =IFERROR(__xludf.DUMMYFUNCTION("""COMPUTED_VALUE"""),0.23958333333333334) -> 0.23958333 | H71: =IFERROR(__xludf.DUMMYFUNCTION("""COMPUTED_VALUE"""),15.0) -> 15 | I71: =IFERROR(__xludf.DUMMYFUNCTION("""COMPUTED_VALUE"""),0.2951388888888889) -> 0.29513889 | J71: =IFERROR(__xludf.DUMMYFUNCTION("""COMPUTED_VALUE"""),"D") -> D | K71: =IFERROR(__xludf.DUMMYFUNCTION("""COMPUTED_VALUE"""),173.0) -> 173 | L71: =IFERROR(__xludf.DUMMYFUNCTION("""COMPUTED_VALUE"""),0.05555555555555555) -> 0.055555556 | M71: =IFERROR(__xludf.DUMMYFUNCTION("""COMPUTED_VALUE"""),0.03243055555555555) -> 0.032430556 | O71: =IFERROR(__xludf.DUMMYFUNCTION("""COMPUTED_VALUE"""),646.0166666666667) -> 646.01667 | P71: =IFERROR(__xludf.DUMMYFUNCTION("""COMPUTED_VALUE"""),"MAC") -> MAC | Q71: =IFERROR(__xludf.DUMMYFUNCTION("""COMPUTED_VALUE"""),"NO ECAC") -> NO ECAC
A72: =IFERROR(__xludf.DUMMYFUNCTION("""COMPUTED_VALUE"""),"VLG7481") -> VLG7481 | B72: =IFERROR(__xludf.DUMMYFUNCTION("""COMPUTED_VALUE"""),"A320") -> A320 | C72: =IFERROR(__xludf.DUMMYFUNCTION("""COMPUTED_VALUE"""),"DAOO") -> DAOO | D72: =IFERROR(__xludf.DUMMYFUNCTION("""COMPUTED_VALUE"""),"LEBL") -> LEBL | E72: =IFERROR(__xludf.DUMMYFUNCTION("""COMPUTED_VALUE"""),"ECODN") -> ECODN | F72: =IFERROR(__xludf.DUMMYFUNCTION("""COMPUTED_VALUE"""),300.0) -> 300 | G72: =IFERROR(__xludf.DUMMYFUNCTION("""COMPUTED_VALUE"""),0.2590277777777778) -> 0.25902778 | H72: =IFERROR(__xludf.DUMMYFUNCTION("""COMPUTED_VALUE"""),8.0) -> 8 | I72: =IFERROR(__xludf.DUMMYFUNCTION("""COMPUTED_VALUE"""),0.2951388888888889) -> 0.29513889 | J72: =IFERROR(__xludf.DUMMYFUNCTION("""COMPUTED_VALUE"""),"D") -> D | K72: =IFERROR(__xludf.DUMMYFUNCTION("""COMPUTED_VALUE"""),173.0) -> 173 | L72: =IFERROR(__xludf.DUMMYFUNCTION("""COMPUTED_VALUE"""),0.036111111111111094) -> 0.036111111 | M72: =IFERROR(__xludf.DUMMYFUNCTION("""COMPUTED_VALUE"""),0.017847222222222202) -> 0.017847222 | O72: =IFERROR(__xludf.DUMMYFUNCTION("""COMPUTED_VALUE"""),355.51666666666625) -> 355.51667 | P72: =IFERROR(__xludf.DUMMYFUNCTION("""COMPUTED_VALUE"""),"VLG") -> VLG | Q72: =IFERROR(__xludf.DUMMYFUNCTION("""COMPUTED_VALUE"""),"NO ECAC") -> NO ECAC
A73: =IFERROR(__xludf.DUMMYFUNCTION("""COMPUTED_VALUE"""),"SAS65D") -> SAS65D | B73: =IFERROR(__xludf.DUMMYFUNCTION("""COMPUTED_VALUE"""),"A20N") -> A20N | C73: =IFERROR(__xludf.DUMMYFUNCTION("""COMPUTED_VALUE"""),"EKCH") -> EKCH | D73: =IFERROR(__xludf.DUMMYFUNCTION("""COMPUTED_VALUE"""),"LEBL") -> LEBL | E73: =IFERROR(__xludf.DUMMYFUNCTION("""COMPUTED_VALUE"""),"SEROE") -> SEROE | F73: =IFERROR(__xludf.DUMMYFUNCTION("""COMPUTED_VALUE"""),390.0) -> 390 | G73: =IFERROR(__xludf.DUMMYFUNCTION("""COMPUTED_VALUE"""),0.1951388888888889) -> 0.19513889 | H73: =IFERROR(__xludf.DUMMYFUNCTION("""COMPUTED_VALUE"""),9.0) -> 9 | I73: =IFERROR(__xludf.DUMMYFUNCTION("""COMPUTED_VALUE"""),0.2986111111111111) -> 0.29861111 | J73: =IFERROR(__xludf.DUMMYFUNCTION("""COMPUTED_VALUE"""),"D") -> D | K73: =IFERROR(__xludf.DUMMYFUNCTION("""COMPUTED_VALUE"""),180.0) -> 180 | L73: =IFERROR(__xludf.DUMMYFUNCTION("""COMPUTED_VALUE"""),0.10347222222222222) -> 0.10347222 | M73: =IFERROR(__xludf.DUMMYFUNCTION("""COMPUTED_VALUE"""),0.08451388888888887) -> 0.084513889 | O73: =IFERROR(__xludf.DUMMYFUNCTION("""COMPUTED_VALUE"""),1683.5166666666662) -> 1683.5167 | P73: =IFERROR(__xludf.DUMMYFUNCTION("""COMPUTED_VALUE"""),"SAS") -> SAS | Q73: =IFERROR(__xludf.DUMMYFUNCTION("""COMPUTED_VALUE"""),"ECAC") -> ECAC
A74: =IFERROR(__xludf.DUMMYFUNCTION("""COMPUTED_VALUE"""),"DLH55K") -> DLH55K | B74: =IFERROR(__xludf.DUMMYFUNCTION("""COMPUTED_VALUE"""),"A21N") -> A21N | C74: =IFERROR(__xludf.DUMMYFUNCTION("""COMPUTED_VALUE"""),"EDDF") -> EDDF | D74: =IFERROR(__xludf.DUMMYFUNCTION("""COMPUTED_VALUE"""),"LEBL") -> LEBL | E74: =IFERROR(__xludf.DUMMYFUNCTION("""COMPUTED_VALUE"""),"DAIEN") -> DAIEN | F74: =IFERROR(__xludf.DUMMYFUNCTION("""COMPUTED_VALUE"""),370.0) -> 370 | G74: =IFERROR(__xludf.DUMMYFUNCTION("""COMPUTED_VALUE"""),0.23541666666666666) -> 0.23541667 | H74: =IFERROR(__xludf.DUMMYFUNCTION("""COMPUTED_VALUE"""),9.0) -> 9 | I74: =IFERROR(__xludf.DUMMYFUNCTION("""COMPUTED_VALUE"""),0.2986111111111111) -> 0.29861111 | J74: =IFERROR(__xludf.DUMMYFUNCTION("""COMPUTED_VALUE"""),"D") -> D | K74: =IFERROR(__xludf.DUMMYFUNCTION("""COMPUTED_VALUE"""),200.0) -> 200 | L74: =IFERROR(__xludf.DUMMYFUNCTION("""COMPUTED_VALUE"""),0.06319444444444444) -> 0.063194444 | M74: =IFERROR(__xludf.DUMMYFUNCTION("""COMPUTED_VALUE"""),0.04423611111111111) -> 0.044236111 | O74: =IFERROR(__xludf.DUMMYFUNCTION("""COMPUTED_VALUE"""),881.1833333333333) -> 881.18333 | P74: =IFERROR(__xludf.DUMMYFUNCTION("""COMPUTED_VALUE"""),"DLH") -> DLH | Q74: =IFERROR(__xludf.DUMMYFUNCTION("""COMPUTED_VALUE"""),"ECAC") -> ECAC
A75: =IFERROR(__xludf.DUMMYFUNCTION("""COMPUTED_VALUE"""),"VLG67PA") -> VLG67PA | B75: =IFERROR(__xludf.DUMMYFUNCTION("""COMPUTED_VALUE"""),"A321") -> A321 | C75: =IFERROR(__xludf.DUMMYFUNCTION("""COMPUTED_VALUE"""),"LEMH") -> LEMH | D75: =IFERROR(__xludf.DUMMYFUNCTION("""COMPUTED_VALUE"""),"LEBL") -> LEBL | E75: =IFERROR(__xludf.DUMMYFUNCTION("""COMPUTED_VALUE"""),"ECMQB") -> ECMQB | F75: =IFERROR(__xludf.DUMMYFUNCTION("""COMPUTED_VALUE"""),180.0) -> 180 | G75: =IFERROR(__xludf.DUMMYFUNCTION("""COMPUTED_VALUE"""),0.27361111111111114) -> 0.27361111 | H75: =IFERROR(__xludf.DUMMYFUNCTION("""COMPUTED_VALUE"""),11.0) -> 11 | I75: =IFERROR(__xludf.DUMMYFUNCTION("""COMPUTED_VALUE"""),0.3020833333333333) -> 0.30208333 | J75: =IFERROR(__xludf.DUMMYFUNCTION("""COMPUTED_VALUE"""),"D") -> D | K75: =IFERROR(__xludf.DUMMYFUNCTION("""COMPUTED_VALUE"""),207.0) -> 207 | L75: =IFERROR(__xludf.DUMMYFUNCTION("""COMPUTED_VALUE"""),0.028472222222222177) -> 0.028472222 | M75: =IFERROR(__xludf.DUMMYFUNCTION("""COMPUTED_VALUE"""),0.008124999999999952) -> 0.008125 | O75: =IFERROR(__xludf.DUMMYFUNCTION("""COMPUTED_VALUE"""),161.84999999999903) -> 161.85 | P75: =IFERROR(__xludf.DUMMYFUNCTION("""COMPUTED_VALUE"""),"VLG") -> VLG | Q75: =IFERROR(__xludf.DUMMYFUNCTION("""COMPUTED_VALUE"""),"ECAC") -> ECAC
A76: =IFERROR(__xludf.DUMMYFUNCTION("""COMPUTED_VALUE"""),"ACA820") -> ACA820 | B76: =IFERROR(__xludf.DUMMYFUNCTION("""COMPUTED_VALUE"""),"B77W") -> B77W | C76: =IFERROR(__xludf.DUMMYFUNCTION("""COMPUTED_VALUE"""),"CYYZ") -> CYYZ | D76: =IFERROR(__xludf.DUMMYFUNCTION("""COMPUTED_VALUE"""),"LEBL") -> LEBL | E76: =IFERROR(__xludf.DUMMYFUNCTION("""COMPUTED_VALUE"""),"CFIVM") -> CFIVM | F76: =IFERROR(__xludf.DUMMYFUNCTION("""COMPUTED_VALUE"""),360.0) -> 360 | G76: =IFERROR(__xludf.DUMMYFUNCTION("""COMPUTED_VALUE"""),0.9791666666666666) -> 0.97916667 | H76: =IFERROR(__xludf.DUMMYFUNCTION("""COMPUTED_VALUE"""),0.0) -> 0 | I76: =IFERROR(__xludf.DUMMYFUNCTION("""COMPUTED_VALUE"""),0.3020833333333333) -> 0.30208333 | J76: =IFERROR(__xludf.DUMMYFUNCTION("""COMPUTED_VALUE"""),"B") -> B | K76: =IFERROR(__xludf.DUMMYFUNCTION("""COMPUTED_VALUE"""),331.0) -> 331 | L76: =IFERROR(__xludf.DUMMYFUNCTION("""COMPUTED_VALUE"""),0.32291666666666674) -> 0.32291667 | M76: =IFERROR(__xludf.DUMMYFUNCTION("""COMPUTED_VALUE"""),0.3102083333333334) -> 0.31020833 | O76: =IFERROR(__xludf.DUMMYFUNCTION("""COMPUTED_VALUE"""),6700.500000000002) -> 6700.5 | P76: =IFERROR(__xludf.DUMMYFUNCTION("""COMPUTED_VALUE"""),"ACA") -> ACA | Q76: =IFERROR(__xludf.DUMMYFUNCTION("""COMPUTED_VALUE"""),"NO ECAC") -> NO ECAC
A77: =IFERROR(__xludf.DUMMYFUNCTION("""COMPUTED_VALUE"""),"RYR70YX") -> RYR70YX | B77: =IFERROR(__xludf.DUMMYFUNCTION("""COMPUTED_VALUE"""),"B38M") -> B38M | C77: =IFERROR(__xludf.DUMMYFUNCTION("""COMPUTED_VALUE"""),"LIMF") -> LIMF | D77: =IFERROR(__xludf.DUMMYFUNCTION("""COMPUTED_VALUE"""),"LEBL") -> LEBL | E77: =IFERROR(__xludf.DUMMYFUNCTION("""COMPUTED_VALUE"""),"EIIHE") -> EIIHE | F77: =IFERROR(__xludf.DUMMYFUNCTION("""COMPUTED_VALUE"""),290.0) -> 290 | G77: =IFERROR(__xludf.DUMMYFUNCTION("""COMPUTED_VALUE"""),0.2604166666666667) -> 0.26041667 | H77: =IFERROR(__xludf.DUMMYFUNCTION("""COMPUTED_VALUE"""),15.0) -> 15 | I77: =IFERROR(__xludf.DUMMYFUNCTION("""COMPUTED_VALUE"""),0.3020833333333333) -> 0.30208333 | J77: =IFERROR(__xludf.DUMMYFUNCTION("""COMPUTED_VALUE"""),"D") -> D | K77: =IFERROR(__xludf.DUMMYFUNCTION("""COMPUTED_VALUE"""),186.0) -> 186 | L77: =IFERROR(__xludf.DUMMYFUNCTION("""COMPUTED_VALUE"""),0.04166666666666663) -> 0.041666667 | M77: =IFERROR(__xludf.DUMMYFUNCTION("""COMPUTED_VALUE"""),0.01854166666666663) -> 0.018541667 | O77: =IFERROR(__xludf.DUMMYFUNCTION("""COMPUTED_VALUE"""),369.3499999999993) -> 369.35 | P77: =IFERROR(__xludf.DUMMYFUNCTION("""COMPUTED_VALUE"""),"RYR") -> RYR | Q77: =IFERROR(__xludf.DUMMYFUNCTION("""COMPUTED_VALUE"""),"ECAC") -> ECAC
A78: =IFERROR(__xludf.DUMMYFUNCTION("""COMPUTED_VALUE"""),"AVA018") -> AVA018 | B78: =IFERROR(__xludf.DUMMYFUNCTION("""COMPUTED_VALUE"""),"B788") -> B788 | C78: =IFERROR(__xludf.DUMMYFUNCTION("""COMPUTED_VALUE"""),"SKBO") -> SKBO | D78: =IFERROR(__xludf.DUMMYFUNCTION("""COMPUTED_VALUE"""),"LEBL") -> LEBL | E78: =IFERROR(__xludf.DUMMYFUNCTION("""COMPUTED_VALUE"""),"N780AV") -> N780AV | F78: =IFERROR(__xludf.DUMMYFUNCTION("""COMPUTED_VALUE"""),410.0) -> 410 | G78: =IFERROR(__xludf.DUMMYFUNCTION("""COMPUTED_VALUE"""),0.8819444444444444) -> 0.88194444 | H78: =IFERROR(__xludf.DUMMYFUNCTION("""COMPUTED_VALUE"""),10.0) -> 10 | I78: =IFERROR(__xludf.DUMMYFUNCTION("""COMPUTED_VALUE"""),0.3055555555555556) -> 0.30555556 | J78: =IFERROR(__xludf.DUMMYFUNCTION("""COMPUTED_VALUE"""),"B") -> B | K78: =IFERROR(__xludf.DUMMYFUNCTION("""COMPUTED_VALUE"""),266.0) -> 266 | L78: =IFERROR(__xludf.DUMMYFUNCTION("""COMPUTED_VALUE"""),0.42361111111111116) -> 0.42361111 | M78: =IFERROR(__xludf.DUMMYFUNCTION("""COMPUTED_VALUE"""),0.4039583333333334) -> 0.40395833 | O78: =IFERROR(__xludf.DUMMYFUNCTION("""COMPUTED_VALUE"""),8725.500000000002) -> 8725.5 | P78: =IFERROR(__xludf.DUMMYFUNCTION("""COMPUTED_VALUE"""),"AVA") -> AVA | Q78: =IFERROR(__xludf.DUMMYFUNCTION("""COMPUTED_VALUE"""),"NO ECAC") -> NO ECAC
A79: =IFERROR(__xludf.DUMMYFUNCTION("""COMPUTED_VALUE"""),"EWG64N") -> EWG64N | B79: =IFERROR(__xludf.DUMMYFUNCTION("""COMPUTED_VALUE"""),"A20N") -> A20N | C79: =IFERROR(__xludf.DUMMYFUNCTION("""COMPUTED_VALUE"""),"EDDK") -> EDDK | D79: =IFERROR(__xludf.DUMMYFUNCTION("""COMPUTED_VALUE"""),"LEBL") -> LEBL | E79: =IFERROR(__xludf.DUMMYFUNCTION("""COMPUTED_VALUE"""),"DAENF") -> DAENF | F79: =IFERROR(__xludf.DUMMYFUNCTION("""COMPUTED_VALUE"""),390.0) -> 390 | G79: =IFERROR(__xludf.DUMMYFUNCTION("""COMPUTED_VALUE"""),0.23819444444444443) -> 0.23819444 | H79: =IFERROR(__xludf.DUMMYFUNCTION("""COMPUTED_VALUE"""),10.0) -> 10 | I79: =IFERROR(__xludf.DUMMYFUNCTION("""COMPUTED_VALUE"""),0.3055555555555556) -> 0.30555556 | J79: =IFERROR(__xludf.DUMMYFUNCTION("""COMPUTED_VALUE"""),"D") -> D | K79: =IFERROR(__xludf.DUMMYFUNCTION("""COMPUTED_VALUE"""),180.0) -> 180 | L79: =IFERROR(__xludf.DUMMYFUNCTION("""COMPUTED_VALUE"""),0.06736111111111115) -> 0.067361111 | M79: =IFERROR(__xludf.DUMMYFUNCTION("""COMPUTED_VALUE"""),0.047708333333333366) -> 0.047708333 | O79: =IFERROR(__xludf.DUMMYFUNCTION("""COMPUTED_VALUE"""),950.3500000000007) -> 950.35 | P79: =IFERROR(__xludf.DUMMYFUNCTION("""COMPUTED_VALUE"""),"EWG") -> EWG | Q79: =IFERROR(__xludf.DUMMYFUNCTION("""COMPUTED_VALUE"""),"ECAC") -> ECAC
A80: =IFERROR(__xludf.DUMMYFUNCTION("""COMPUTED_VALUE"""),"VLG7369") -> VLG7369 | B80: =IFERROR(__xludf.DUMMYFUNCTION("""COMPUTED_VALUE"""),"A320") -> A320 | C80: =IFERROR(__xludf.DUMMYFUNCTION("""COMPUTED_VALUE"""),"GMTT") -> GMTT | D80: =IFERROR(__xludf.DUMMYFUNCTION("""COMPUTED_VALUE"""),"LEBL") -> LEBL | E80: =IFERROR(__xludf.DUMMYFUNCTION("""COMPUTED_VALUE"""),"ECMBE") -> ECMBE | F80: =IFERROR(__xludf.DUMMYFUNCTION("""COMPUTED_VALUE"""),380.0) -> 380 | G80: =IFERROR(__xludf.DUMMYFUNCTION("""COMPUTED_VALUE"""),0.23958333333333334) -> 0.23958333 | H80: =IFERROR(__xludf.DUMMYFUNCTION("""COMPUTED_VALUE"""),10.0) -> 10 | I80: =IFERROR(__xludf.DUMMYFUNCTION("""COMPUTED_VALUE"""),0.3090277777777778) -> 0.30902778 | J80: =IFERROR(__xludf.DUMMYFUNCTION("""COMPUTED_VALUE"""),"D") -> D | K80: =IFERROR(__xludf.DUMMYFUNCTION("""COMPUTED_VALUE"""),173.0) -> 173 | L80: =IFERROR(__xludf.DUMMYFUNCTION("""COMPUTED_VALUE"""),0.06944444444444445) -> 0.069444444 | M80: =IFERROR(__xludf.DUMMYFUNCTION("""COMPUTED_VALUE"""),0.049791666666666665) -> 0.049791667 | O80: =IFERROR(__xludf.DUMMYFUNCTION("""COMPUTED_VALUE"""),991.8499999999999) -> 991.85 | P80: =IFERROR(__xludf.DUMMYFUNCTION("""COMPUTED_VALUE"""),"VLG") -> VLG | Q80: =IFERROR(__xludf.DUMMYFUNCTION("""COMPUTED_VALUE"""),"NO ECAC") -> NO ECAC
A81: =IFERROR(__xludf.DUMMYFUNCTION("""COMPUTED_VALUE"""),"EZY48HQ") -> EZY48HQ | B81: =IFERROR(__xludf.DUMMYFUNCTION("""COMPUTED_VALUE"""),"A20N") -> A20N | C81: =IFERROR(__xludf.DUMMYFUNCTION("""COMPUTED_VALUE"""),"EGAA") -> EGAA | D81: =IFERROR(__xludf.DUMMYFUNCTION("""COMPUTED_VALUE"""),"LEBL") -> LEBL | E81: =IFERROR(__xludf.DUMMYFUNCTION("""COMPUTED_VALUE"""),"GUZLF") -> GUZLF | F81: =IFERROR(__xludf.DUMMYFUNCTION("""COMPUTED_VALUE"""),390.0) -> 390 | G81: =IFERROR(__xludf.DUMMYFUNCTION("""COMPUTED_VALUE"""),0.2222222222222222) -> 0.22222222 | H81: =IFERROR(__xludf.DUMMYFUNCTION("""COMPUTED_VALUE"""),10.0) -> 10 | I81: =IFERROR(__xludf.DUMMYFUNCTION("""COMPUTED_VALUE"""),0.3090277777777778) -> 0.30902778 | J81: =IFERROR(__xludf.DUMMYFUNCTION("""COMPUTED_VALUE"""),"D") -> D | K81: =IFERROR(__xludf.DUMMYFUNCTION("""COMPUTED_VALUE"""),180.0) -> 180 | L81: =IFERROR(__xludf.DUMMYFUNCTION("""COMPUTED_VALUE"""),0.08680555555555558) -> 0.086805556 | M81: =IFERROR(__xludf.DUMMYFUNCTION("""COMPUTED_VALUE"""),0.0671527777777778) -> 0.067152778 | O81: =IFERROR(__xludf.DUMMYFUNCTION("""COMPUTED_VALUE"""),1337.6833333333338) -> 1337.6833 | P81: =IFERROR(__xludf.DUMMYFUNCTION("""COMPUTED_VALUE"""),"EZY") -> EZY | Q81: =IFERROR(__xludf.DUMMYFUNCTION("""COMPUTED_VALUE"""),"ECAC") -> ECAC
A82: =IFERROR(__xludf.DUMMYFUNCTION("""COMPUTED_VALUE"""),"RYR65HW") -> RYR65HW | B82: =IFERROR(__xludf.DUMMYFUNCTION("""COMPUTED_VALUE"""),"B738") -> B738 | C82: =IFERROR(__xludf.DUMMYFUNCTION("""COMPUTED_VALUE"""),"LIPZ") -> LIPZ | D82: =IFERROR(__xludf.DUMMYFUNCTION("""COMPUTED_VALUE"""),"LEBL") -> LEBL | E82: =IFERROR(__xludf.DUMMYFUNCTION("""COMPUTED_VALUE"""),"EIDLD") -> EIDLD | F82: =IFERROR(__xludf.DUMMYFUNCTION("""COMPUTED_VALUE"""),350.0) -> 350 | G82: =IFERROR(__xludf.DUMMYFUNCTION("""COMPUTED_VALUE"""),0.2611111111111111) -> 0.26111111 | H82: =IFERROR(__xludf.DUMMYFUNCTION("""COMPUTED_VALUE"""),11.0) -> 11 | I82: =IFERROR(__xludf.DUMMYFUNCTION("""COMPUTED_VALUE"""),0.3090277777777778) -> 0.30902778 | J82: =IFERROR(__xludf.DUMMYFUNCTION("""COMPUTED_VALUE"""),"D") -> D | K82: =IFERROR(__xludf.DUMMYFUNCTION("""COMPUTED_VALUE"""),184.0) -> 184 | L82: =IFERROR(__xludf.DUMMYFUNCTION("""COMPUTED_VALUE"""),0.04791666666666666) -> 0.047916667 | M82: =IFERROR(__xludf.DUMMYFUNCTION("""COMPUTED_VALUE"""),0.027569444444444438) -> 0.027569444 | O82: =IFERROR(__xludf.DUMMYFUNCTION("""COMPUTED_VALUE"""),549.1833333333332) -> 549.18333 | P82: =IFERROR(__xludf.DUMMYFUNCTION("""COMPUTED_VALUE"""),"RYR") -> RYR | Q82: =IFERROR(__xludf.DUMMYFUNCTION("""COMPUTED_VALUE"""),"ECAC") -> ECAC
A83: =IFERROR(__xludf.DUMMYFUNCTION("""COMPUTED_VALUE"""),"N818CA") -> N818CA | B83: =IFERROR(__xludf.DUMMYFUNCTION("""COMPUTED_VALUE"""),"GA5C") -> GA5C | C83: =IFERROR(__xludf.DUMMYFUNCTION("""COMPUTED_VALUE"""),"LEMD") -> LEMD | D83: =IFERROR(__xludf.DUMMYFUNCTION("""COMPUTED_VALUE"""),"LEBL") -> LEBL | E83: =IFERROR(__xludf.DUMMYFUNCTION("""COMPUTED_VALUE"""),"N818CA") -> N818CA | F83: =IFERROR(__xludf.DUMMYFUNCTION("""COMPUTED_VALUE"""),280.0) -> 280 | G83: =IFERROR(__xludf.DUMMYFUNCTION("""COMPUTED_VALUE"""),0.27152777777777776) -> 0.27152778 | H83: =IFERROR(__xludf.DUMMYFUNCTION("""COMPUTED_VALUE"""),21.0) -> 21 | I83: =IFERROR(__xludf.DUMMYFUNCTION("""COMPUTED_VALUE"""),0.3125) -> 0.3125 | J83: =IFERROR(__xludf.DUMMYFUNCTION("""COMPUTED_VALUE"""),"E") -> E | K83: =IFERROR(__xludf.DUMMYFUNCTION("""COMPUTED_VALUE"""),15.0) -> 15 | L83: =IFERROR(__xludf.DUMMYFUNCTION("""COMPUTED_VALUE"""),0.04097222222222224) -> 0.040972222 | M83: =IFERROR(__xludf.DUMMYFUNCTION("""COMPUTED_VALUE"""),0.013680555555555574) -> 0.013680556 | O83: =IFERROR(__xludf.DUMMYFUNCTION("""COMPUTED_VALUE"""),147.75000000000023) -> 147.75 | P83: =IFERROR(__xludf.DUMMYFUNCTION("""COMPUTED_VALUE"""),"N81") -> N81 | Q83: =IFERROR(__xludf.DUMMYFUNCTION("""COMPUTED_VALUE"""),"ECAC") -> ECAC
A84: =IFERROR(__xludf.DUMMYFUNCTION("""COMPUTED_VALUE"""),"TAM8114") -> TAM8114 | B84: =IFERROR(__xludf.DUMMYFUNCTION("""COMPUTED_VALUE"""),"B789") -> B789 | C84: =IFERROR(__xludf.DUMMYFUNCTION("""COMPUTED_VALUE"""),"SBGR") -> SBGR | D84: =IFERROR(__xludf.DUMMYFUNCTION("""COMPUTED_VALUE"""),"LEBL") -> LEBL | E84: =IFERROR(__xludf.DUMMYFUNCTION("""COMPUTED_VALUE"""),"CCBGM") -> CCBGM | F84: =IFERROR(__xludf.DUMMYFUNCTION("""COMPUTED_VALUE"""),400.0) -> 400 | G84: =IFERROR(__xludf.DUMMYFUNCTION("""COMPUTED_VALUE"""),0.8819444444444444) -> 0.88194444 | H84: =IFERROR(__xludf.DUMMYFUNCTION("""COMPUTED_VALUE"""),10.0) -> 10 | I84: =IFERROR(__xludf.DUMMYFUNCTION("""COMPUTED_VALUE"""),0.3125) -> 0.3125 | J84: =IFERROR(__xludf.DUMMYFUNCTION("""COMPUTED_VALUE"""),"B") -> B | K84: =IFERROR(__xludf.DUMMYFUNCTION("""COMPUTED_VALUE"""),284.0) -> 284 | L84: =IFERROR(__xludf.DUMMYFUNCTION("""COMPUTED_VALUE"""),0.4305555555555556) -> 0.43055556 | M84: =IFERROR(__xludf.DUMMYFUNCTION("""COMPUTED_VALUE"""),0.41090277777777784) -> 0.41090278 | O84: =IFERROR(__xludf.DUMMYFUNCTION("""COMPUTED_VALUE"""),8875.500000000002) -> 8875.5 | P84: =IFERROR(__xludf.DUMMYFUNCTION("""COMPUTED_VALUE"""),"TAM") -> TAM | Q84: =IFERROR(__xludf.DUMMYFUNCTION("""COMPUTED_VALUE"""),"NO ECAC") -> NO ECAC
A85: =IFERROR(__xludf.DUMMYFUNCTION("""COMPUTED_VALUE"""),"VLG94MT") -> VLG94MT | B85: =IFERROR(__xludf.DUMMYFUNCTION("""COMPUTED_VALUE"""),"A320") -> A320 | C85: =IFERROR(__xludf.DUMMYFUNCTION("""COMPUTED_VALUE"""),"LIMC") -> LIMC | D85: =IFERROR(__xludf.DUMMYFUNCTION("""COMPUTED_VALUE"""),"LEBL") -> LEBL | E85: =IFERROR(__xludf.DUMMYFUNCTION("""COMPUTED_VALUE"""),"ECOJG") -> ECOJG | F85: =IFERROR(__xludf.DUMMYFUNCTION("""COMPUTED_VALUE"""),310.0) -> 310 | G85: =IFERROR(__xludf.DUMMYFUNCTION("""COMPUTED_VALUE"""),0.26944444444444443) -> 0.26944444 | H85: =IFERROR(__xludf.DUMMYFUNCTION("""COMPUTED_VALUE"""),17.0) -> 17 | I85: =IFERROR(__xludf.DUMMYFUNCTION("""COMPUTED_VALUE"""),0.3159722222222222) -> 0.31597222 | J85: =IFERROR(__xludf.DUMMYFUNCTION("""COMPUTED_VALUE"""),"D") -> D | K85: =IFERROR(__xludf.DUMMYFUNCTION("""COMPUTED_VALUE"""),173.0) -> 173 | L85: =IFERROR(__xludf.DUMMYFUNCTION("""COMPUTED_VALUE"""),0.04652777777777778) -> 0.046527778 | M85: =IFERROR(__xludf.DUMMYFUNCTION("""COMPUTED_VALUE"""),0.02201388888888889) -> 0.022013889 | O85: =IFERROR(__xludf.DUMMYFUNCTION("""COMPUTED_VALUE"""),438.51666666666665) -> 438.51667 | P85: =IFERROR(__xludf.DUMMYFUNCTION("""COMPUTED_VALUE"""),"VLG") -> VLG | Q85: =IFERROR(__xludf.DUMMYFUNCTION("""COMPUTED_VALUE"""),"ECAC") -> ECAC
A86: =IFERROR(__xludf.DUMMYFUNCTION("""COMPUTED_VALUE"""),"NSZ2900") -> NSZ2900 | B86: =IFERROR(__xludf.DUMMYFUNCTION("""COMPUTED_VALUE"""),"B38M") -> B38M | C86: =IFERROR(__xludf.DUMMYFUNCTION("""COMPUTED_VALUE"""),"EFHK") -> EFHK | D86: =IFERROR(__xludf.DUMMYFUNCTION("""COMPUTED_VALUE"""),"LEBL") -> LEBL | E86: =IFERROR(__xludf.DUMMYFUNCTION("""COMPUTED_VALUE"""),"SERTA") -> SERTA | F86: =IFERROR(__xludf.DUMMYFUNCTION("""COMPUTED_VALUE"""),400.0) -> 400 | G86: =IFERROR(__xludf.DUMMYFUNCTION("""COMPUTED_VALUE"""),0.17083333333333334) -> 0.17083333 | H86: =IFERROR(__xludf.DUMMYFUNCTION("""COMPUTED_VALUE"""),6.0) -> 6 | I86: =IFERROR(__xludf.DUMMYFUNCTION("""COMPUTED_VALUE"""),0.3159722222222222) -> 0.31597222 | J86: =IFERROR(__xludf.DUMMYFUNCTION("""COMPUTED_VALUE"""),"D") -> D | K86: =IFERROR(__xludf.DUMMYFUNCTION("""COMPUTED_VALUE"""),186.0) -> 186 | L86: =IFERROR(__xludf.DUMMYFUNCTION("""COMPUTED_VALUE"""),0.14513888888888887) -> 0.14513889 | M86: =IFERROR(__xludf.DUMMYFUNCTION("""COMPUTED_VALUE"""),0.12826388888888887) -> 0.12826389 | O86: =IFERROR(__xludf.DUMMYFUNCTION("""COMPUTED_VALUE"""),2555.0166666666664) -> 2555.0167 | P86: =IFERROR(__xludf.DUMMYFUNCTION("""COMPUTED_VALUE"""),"NSZ") -> NSZ | Q86: =IFERROR(__xludf.DUMMYFUNCTION("""COMPUTED_VALUE"""),"ECAC") -> ECAC
A87: =IFERROR(__xludf.DUMMYFUNCTION("""COMPUTED_VALUE"""),"EWG71W") -> EWG71W | B87: =IFERROR(__xludf.DUMMYFUNCTION("""COMPUTED_VALUE"""),"A320") -> A320 | C87: =IFERROR(__xludf.DUMMYFUNCTION("""COMPUTED_VALUE"""),"EDDL") -> EDDL | D87: =IFERROR(__xludf.DUMMYFUNCTION("""COMPUTED_VALUE"""),"LEBL") -> LEBL | E87: =IFERROR(__xludf.DUMMYFUNCTION("""COMPUTED_VALUE"""),"DABZN") -> DABZN | F87: =IFERROR(__xludf.DUMMYFUNCTION("""COMPUTED_VALUE"""),390.0) -> 390 | G87: =IFERROR(__xludf.DUMMYFUNCTION("""COMPUTED_VALUE"""),0.24027777777777778) -> 0.24027778 | H87: =IFERROR(__xludf.DUMMYFUNCTION("""COMPUTED_VALUE"""),11.0) -> 11 | I87: =IFERROR(__xludf.DUMMYFUNCTION("""COMPUTED_VALUE"""),0.3159722222222222) -> 0.31597222 | J87: =IFERROR(__xludf.DUMMYFUNCTION("""COMPUTED_VALUE"""),"D") -> D | K87: =IFERROR(__xludf.DUMMYFUNCTION("""COMPUTED_VALUE"""),173.0) -> 173 | L87: =IFERROR(__xludf.DUMMYFUNCTION("""COMPUTED_VALUE"""),0.07569444444444443) -> 0.075694444 | M87: =IFERROR(__xludf.DUMMYFUNCTION("""COMPUTED_VALUE"""),0.0553472222222222) -> 0.055347222 | O87: =IFERROR(__xludf.DUMMYFUNCTION("""COMPUTED_VALUE"""),1102.5166666666662) -> 1102.5167 | P87: =IFERROR(__xludf.DUMMYFUNCTION("""COMPUTED_VALUE"""),"EWG") -> EWG | Q87: =IFERROR(__xludf.DUMMYFUNCTION("""COMPUTED_VALUE"""),"ECAC") -> ECAC
A88: =IFERROR(__xludf.DUMMYFUNCTION("""COMPUTED_VALUE"""),"DAL194") -> DAL194 | B88: =IFERROR(__xludf.DUMMYFUNCTION("""COMPUTED_VALUE"""),"A359") -> A359 | C88: =IFERROR(__xludf.DUMMYFUNCTION("""COMPUTED_VALUE"""),"KATL") -> KATL | D88: =IFERROR(__xludf.DUMMYFUNCTION("""COMPUTED_VALUE"""),"LEBL") -> LEBL | E88: =IFERROR(__xludf.DUMMYFUNCTION("""COMPUTED_VALUE"""),"N572DZ") -> N572DZ | F88: =IFERROR(__xludf.DUMMYFUNCTION("""COMPUTED_VALUE"""),410.0) -> 410 | G88: =IFERROR(__xludf.DUMMYFUNCTION("""COMPUTED_VALUE"""),0.9583333333333334) -> 0.95833333 | H88: =IFERROR(__xludf.DUMMYFUNCTION("""COMPUTED_VALUE"""),10.0) -> 10 | I88: =IFERROR(__xludf.DUMMYFUNCTION("""COMPUTED_VALUE"""),0.3194444444444444) -> 0.31944444 | J88: =IFERROR(__xludf.DUMMYFUNCTION("""COMPUTED_VALUE"""),"B") -> B | K88: =IFERROR(__xludf.DUMMYFUNCTION("""COMPUTED_VALUE"""),297.0) -> 297 | L88: =IFERROR(__xludf.DUMMYFUNCTION("""COMPUTED_VALUE"""),0.36111111111111105) -> 0.36111111 | M88: =IFERROR(__xludf.DUMMYFUNCTION("""COMPUTED_VALUE"""),0.3414583333333333) -> 0.34145833 | O88: =IFERROR(__xludf.DUMMYFUNCTION("""COMPUTED_VALUE"""),7375.5) -> 7375.5 | P88: =IFERROR(__xludf.DUMMYFUNCTION("""COMPUTED_VALUE"""),"DAL") -> DAL | Q88: =IFERROR(__xludf.DUMMYFUNCTION("""COMPUTED_VALUE"""),"NO ECAC") -> NO ECAC
A89: =IFERROR(__xludf.DUMMYFUNCTION("""COMPUTED_VALUE"""),"RYR39XE") -> RYR39XE | B89: =IFERROR(__xludf.DUMMYFUNCTION("""COMPUTED_VALUE"""),"B738") -> B738 | C89: =IFERROR(__xludf.DUMMYFUNCTION("""COMPUTED_VALUE"""),"EIDW") -> EIDW | D89: =IFERROR(__xludf.DUMMYFUNCTION("""COMPUTED_VALUE"""),"LEBL") -> LEBL | E89: =IFERROR(__xludf.DUMMYFUNCTION("""COMPUTED_VALUE"""),"EIEMK") -> EIEMK | F89: =IFERROR(__xludf.DUMMYFUNCTION("""COMPUTED_VALUE"""),370.0) -> 370 | G89: =IFERROR(__xludf.DUMMYFUNCTION("""COMPUTED_VALUE"""),0.24444444444444444) -> 0.24444444 | H89: =IFERROR(__xludf.DUMMYFUNCTION("""COMPUTED_VALUE"""),22.0) -> 22 | I89: =IFERROR(__xludf.DUMMYFUNCTION("""COMPUTED_VALUE"""),0.3194444444444444) -> 0.31944444 | J89: =IFERROR(__xludf.DUMMYFUNCTION("""COMPUTED_VALUE"""),"D") -> D | K89: =IFERROR(__xludf.DUMMYFUNCTION("""COMPUTED_VALUE"""),184.0) -> 184 | L89: =IFERROR(__xludf.DUMMYFUNCTION("""COMPUTED_VALUE"""),0.07499999999999998) -> 0.075 | M89: =IFERROR(__xludf.DUMMYFUNCTION("""COMPUTED_VALUE"""),0.04701388888888887) -> 0.047013889 | O89: =IFERROR(__xludf.DUMMYFUNCTION("""COMPUTED_VALUE"""),936.5166666666663) -> 936.51667 | P89: =IFERROR(__xludf.DUMMYFUNCTION("""COMPUTED_VALUE"""),"RYR") -> RYR | Q89: =IFERROR(__xludf.DUMMYFUNCTION("""COMPUTED_VALUE"""),"ECAC") -> ECAC
A90: =IFERROR(__xludf.DUMMYFUNCTION("""COMPUTED_VALUE"""),"EJU7106") -> EJU7106 | B90: =IFERROR(__xludf.DUMMYFUNCTION("""COMPUTED_VALUE"""),"A319") -> A319 | C90: =IFERROR(__xludf.DUMMYFUNCTION("""COMPUTED_VALUE"""),"LSGG") -> LSGG | D90: =IFERROR(__xludf.DUMMYFUNCTION("""COMPUTED_VALUE"""),"LEBL") -> LEBL | E90: =IFERROR(__xludf.DUMMYFUNCTION("""COMPUTED_VALUE"""),"OELVG") -> OELVG | F90: =IFERROR(__xludf.DUMMYFUNCTION("""COMPUTED_VALUE"""),290.0) -> 290 | G90: =IFERROR(__xludf.DUMMYFUNCTION("""COMPUTED_VALUE"""),0.28125) -> 0.28125 | H90: =IFERROR(__xludf.DUMMYFUNCTION("""COMPUTED_VALUE"""),10.0) -> 10 | I90: =IFERROR(__xludf.DUMMYFUNCTION("""COMPUTED_VALUE"""),0.3194444444444444) -> 0.31944444 | J90: =IFERROR(__xludf.DUMMYFUNCTION("""COMPUTED_VALUE"""),"D") -> D | K90: =IFERROR(__xludf.DUMMYFUNCTION("""COMPUTED_VALUE"""),144.0) -> 144 | L90: =IFERROR(__xludf.DUMMYFUNCTION("""COMPUTED_VALUE"""),0.03819444444444442) -> 0.038194444 | M90: =IFERROR(__xludf.DUMMYFUNCTION("""COMPUTED_VALUE"""),0.01854166666666664) -> 0.018541667 | O90: =IFERROR(__xludf.DUMMYFUNCTION("""COMPUTED_VALUE"""),369.3499999999995) -> 369.35 | P90: =IFERROR(__xludf.DUMMYFUNCTION("""COMPUTED_VALUE"""),"EJU") -> EJU | Q90: =IFERROR(__xludf.DUMMYFUNCTION("""COMPUTED_VALUE"""),"ECAC") -> ECAC
A91: =IFERROR(__xludf.DUMMYFUNCTION("""COMPUTED_VALUE"""),"IBE04AM") -> IBE04AM | B91: =IFERROR(__xludf.DUMMYFUNCTION("""COMPUTED_VALUE"""),"A321") -> A321 | C91: =IFERROR(__xludf.DUMMYFUNCTION("""COMPUTED_VALUE"""),"LEMD") -> LEMD | D91: =IFERROR(__xludf.DUMMYFUNCTION("""COMPUTED_VALUE"""),"LEBL") -> LEBL | E91: =IFERROR(__xludf.DUMMYFUNCTION("""COMPUTED_VALUE"""),"ECJDR") -> ECJDR | F91: =IFERROR(__xludf.DUMMYFUNCTION("""COMPUTED_VALUE"""),300.0) -> 300 | G91: =IFERROR(__xludf.DUMMYFUNCTION("""COMPUTED_VALUE"""),0.28194444444444444) -> 0.28194444 | H91: =IFERROR(__xludf.DUMMYFUNCTION("""COMPUTED_VALUE"""),16.0) -> 16 | I91: =IFERROR(__xludf.DUMMYFUNCTION("""COMPUTED_VALUE"""),0.3229166666666667) -> 0.32291667 | J91: =IFERROR(__xludf.DUMMYFUNCTION("""COMPUTED_VALUE"""),"D") -> D | K91: =IFERROR(__xludf.DUMMYFUNCTION("""COMPUTED_VALUE"""),207.0) -> 207 | L91: =IFERROR(__xludf.DUMMYFUNCTION("""COMPUTED_VALUE"""),0.04097222222222224) -> 0.040972222 | M91: =IFERROR(__xludf.DUMMYFUNCTION("""COMPUTED_VALUE"""),0.017152777777777795) -> 0.017152778 | O91: =IFERROR(__xludf.DUMMYFUNCTION("""COMPUTED_VALUE"""),341.6833333333337) -> 341.68333 | P91: =IFERROR(__xludf.DUMMYFUNCTION("""COMPUTED_VALUE"""),"IBE") -> IBE | Q91: =IFERROR(__xludf.DUMMYFUNCTION("""COMPUTED_VALUE"""),"ECAC") -> ECAC
A92: =IFERROR(__xludf.DUMMYFUNCTION("""COMPUTED_VALUE"""),"VLG13JE") -> VLG13JE | B92: =IFERROR(__xludf.DUMMYFUNCTION("""COMPUTED_VALUE"""),"A321") -> A321 | C92: =IFERROR(__xludf.DUMMYFUNCTION("""COMPUTED_VALUE"""),"LEBB") -> LEBB | D92: =IFERROR(__xludf.DUMMYFUNCTION("""COMPUTED_VALUE"""),"LEBL") -> LEBL | E92: =IFERROR(__xludf.DUMMYFUNCTION("""COMPUTED_VALUE"""),"ECMMU") -> ECMMU | F92: =IFERROR(__xludf.DUMMYFUNCTION("""COMPUTED_VALUE"""),280.0) -> 280 | G92: =IFERROR(__xludf.DUMMYFUNCTION("""COMPUTED_VALUE"""),0.29305555555555557) -> 0.29305556 | H92: =IFERROR(__xludf.DUMMYFUNCTION("""COMPUTED_VALUE"""),10.0) -> 10 | I92: =IFERROR(__xludf.DUMMYFUNCTION("""COMPUTED_VALUE"""),0.3229166666666667) -> 0.32291667 | J92: =IFERROR(__xludf.DUMMYFUNCTION("""COMPUTED_VALUE"""),"D") -> D | K92: =IFERROR(__xludf.DUMMYFUNCTION("""COMPUTED_VALUE"""),207.0) -> 207 | L92: =IFERROR(__xludf.DUMMYFUNCTION("""COMPUTED_VALUE"""),0.029861111111111116) -> 0.029861111 | M92: =IFERROR(__xludf.DUMMYFUNCTION("""COMPUTED_VALUE"""),0.010208333333333337) -> 0.010208333 | O92: =IFERROR(__xludf.DUMMYFUNCTION("""COMPUTED_VALUE"""),203.35000000000008) -> 203.35 | P92: =IFERROR(__xludf.DUMMYFUNCTION("""COMPUTED_VALUE"""),"VLG") -> VLG | Q92: =IFERROR(__xludf.DUMMYFUNCTION("""COMPUTED_VALUE"""),"ECAC") -> ECAC
A93: =IFERROR(__xludf.DUMMYFUNCTION("""COMPUTED_VALUE"""),"RYR38YM") -> RYR38YM | B93: =IFERROR(__xludf.DUMMYFUNCTION("""COMPUTED_VALUE"""),"B738") -> B738 | C93: =IFERROR(__xludf.DUMMYFUNCTION("""COMPUTED_VALUE"""),"LIME") -> LIME | D93: =IFERROR(__xludf.DUMMYFUNCTION("""COMPUTED_VALUE"""),"LEBL") -> LEBL | E93: =IFERROR(__xludf.DUMMYFUNCTION("""COMPUTED_VALUE"""),"9HQAL") -> 9HQAL | F93: =IFERROR(__xludf.DUMMYFUNCTION("""COMPUTED_VALUE"""),350.0) -> 350 | G93: =IFERROR(__xludf.DUMMYFUNCTION("""COMPUTED_VALUE"""),0.27291666666666664) -> 0.27291667 | H93: =IFERROR(__xludf.DUMMYFUNCTION("""COMPUTED_VALUE"""),10.0) -> 10 | I93: =IFERROR(__xludf.DUMMYFUNCTION("""COMPUTED_VALUE"""),0.3229166666666667) -> 0.32291667 | J93: =IFERROR(__xludf.DUMMYFUNCTION("""COMPUTED_VALUE"""),"D") -> D | K93: =IFERROR(__xludf.DUMMYFUNCTION("""COMPUTED_VALUE"""),184.0) -> 184 | L93: =IFERROR(__xludf.DUMMYFUNCTION("""COMPUTED_VALUE"""),0.050000000000000044) -> 0.05 | M93: =IFERROR(__xludf.DUMMYFUNCTION("""COMPUTED_VALUE"""),0.030347222222222265) -> 0.030347222 | O93: =IFERROR(__xludf.DUMMYFUNCTION("""COMPUTED_VALUE"""),604.5166666666676) -> 604.51667 | P93: =IFERROR(__xludf.DUMMYFUNCTION("""COMPUTED_VALUE"""),"RYR") -> RYR | Q93: =IFERROR(__xludf.DUMMYFUNCTION("""COMPUTED_VALUE"""),"ECAC") -> ECAC
A94: =IFERROR(__xludf.DUMMYFUNCTION("""COMPUTED_VALUE"""),"RYR39UM") -> RYR39UM | B94: =IFERROR(__xludf.DUMMYFUNCTION("""COMPUTED_VALUE"""),"B38M") -> B38M | C94: =IFERROR(__xludf.DUMMYFUNCTION("""COMPUTED_VALUE"""),"EGPH") -> EGPH | D94: =IFERROR(__xludf.DUMMYFUNCTION("""COMPUTED_VALUE"""),"LEBL") -> LEBL | E94: =IFERROR(__xludf.DUMMYFUNCTION("""COMPUTED_VALUE"""),"9HVVI") -> 9HVVI | F94: =IFERROR(__xludf.DUMMYFUNCTION("""COMPUTED_VALUE"""),370.0) -> 370 | G94: =IFERROR(__xludf.DUMMYFUNCTION("""COMPUTED_VALUE"""),0.23055555555555557) -> 0.23055556 | H94: =IFERROR(__xludf.DUMMYFUNCTION("""COMPUTED_VALUE"""),12.0) -> 12 | I94: =IFERROR(__xludf.DUMMYFUNCTION("""COMPUTED_VALUE"""),0.3263888888888889) -> 0.32638889 | J94: =IFERROR(__xludf.DUMMYFUNCTION("""COMPUTED_VALUE"""),"D") -> D | K94: =IFERROR(__xludf.DUMMYFUNCTION("""COMPUTED_VALUE"""),186.0) -> 186 | L94: =IFERROR(__xludf.DUMMYFUNCTION("""COMPUTED_VALUE"""),0.09583333333333333) -> 0.095833333 | M94: =IFERROR(__xludf.DUMMYFUNCTION("""COMPUTED_VALUE"""),0.07479166666666666) -> 0.074791667 | O94: =IFERROR(__xludf.DUMMYFUNCTION("""COMPUTED_VALUE"""),1489.85) -> 1489.85 | P94: =IFERROR(__xludf.DUMMYFUNCTION("""COMPUTED_VALUE"""),"RYR") -> RYR | Q94: =IFERROR(__xludf.DUMMYFUNCTION("""COMPUTED_VALUE"""),"ECAC") -> ECAC
A95: =IFERROR(__xludf.DUMMYFUNCTION("""COMPUTED_VALUE"""),"VLG6MB") -> VLG6MB | B95: =IFERROR(__xludf.DUMMYFUNCTION("""COMPUTED_VALUE"""),"A321") -> A321 | C95: =IFERROR(__xludf.DUMMYFUNCTION("""COMPUTED_VALUE"""),"LEIB") -> LEIB | D95: =IFERROR(__xludf.DUMMYFUNCTION("""COMPUTED_VALUE"""),"LEBL") -> LEBL | E95: =IFERROR(__xludf.DUMMYFUNCTION("""COMPUTED_VALUE"""),"ECMJR") -> ECMJR | F95: =IFERROR(__xludf.DUMMYFUNCTION("""COMPUTED_VALUE"""),180.0) -> 180 | G95: =IFERROR(__xludf.DUMMYFUNCTION("""COMPUTED_VALUE"""),0.29583333333333334) -> 0.29583333 | H95: =IFERROR(__xludf.DUMMYFUNCTION("""COMPUTED_VALUE"""),10.0) -> 10 | I95: =IFERROR(__xludf.DUMMYFUNCTION("""COMPUTED_VALUE"""),0.3263888888888889) -> 0.32638889 | J95: =IFERROR(__xludf.DUMMYFUNCTION("""COMPUTED_VALUE"""),"D") -> D | K95: =IFERROR(__xludf.DUMMYFUNCTION("""COMPUTED_VALUE"""),207.0) -> 207 | L95: =IFERROR(__xludf.DUMMYFUNCTION("""COMPUTED_VALUE"""),0.030555555555555558) -> 0.030555556 | M95: =IFERROR(__xludf.DUMMYFUNCTION("""COMPUTED_VALUE"""),0.010902777777777779) -> 0.010902778 | O95: =IFERROR(__xludf.DUMMYFUNCTION("""COMPUTED_VALUE"""),217.18333333333337) -> 217.18333 | P95: =IFERROR(__xludf.DUMMYFUNCTION("""COMPUTED_VALUE"""),"VLG") -> VLG | Q95: =IFERROR(__xludf.DUMMYFUNCTION("""COMPUTED_VALUE"""),"ECAC") -> ECAC
A96: =IFERROR(__xludf.DUMMYFUNCTION("""COMPUTED_VALUE"""),"AAL112") -> AAL112 | B96: =IFERROR(__xludf.DUMMYFUNCTION("""COMPUTED_VALUE"""),"B788") -> B788 | C96: =IFERROR(__xludf.DUMMYFUNCTION("""COMPUTED_VALUE"""),"KMIA") -> KMIA | D96: =IFERROR(__xludf.DUMMYFUNCTION("""COMPUTED_VALUE"""),"LEBL") -> LEBL | E96: =IFERROR(__xludf.DUMMYFUNCTION("""COMPUTED_VALUE"""),"N803AL") -> N803AL | F96: =IFERROR(__xludf.DUMMYFUNCTION("""COMPUTED_VALUE"""),410.0) -> 410 | G96: =IFERROR(__xludf.DUMMYFUNCTION("""COMPUTED_VALUE"""),0.00625) -> 0.00625 | H96: =IFERROR(__xludf.DUMMYFUNCTION("""COMPUTED_VALUE"""),25.0) -> 25 | I96: =IFERROR(__xludf.DUMMYFUNCTION("""COMPUTED_VALUE"""),0.3263888888888889) -> 0.32638889 | J96: =IFERROR(__xludf.DUMMYFUNCTION("""COMPUTED_VALUE"""),"B") -> B | K96: =IFERROR(__xludf.DUMMYFUNCTION("""COMPUTED_VALUE"""),266.0) -> 266 | L96: =IFERROR(__xludf.DUMMYFUNCTION("""COMPUTED_VALUE"""),0.3201388888888889) -> 0.32013889 | M96: =IFERROR(__xludf.DUMMYFUNCTION("""COMPUTED_VALUE"""),0.2900694444444445) -> 0.29006944 | O96: =IFERROR(__xludf.DUMMYFUNCTION("""COMPUTED_VALUE"""),6265.500000000001) -> 6265.5 | P96: =IFERROR(__xludf.DUMMYFUNCTION("""COMPUTED_VALUE"""),"AAL") -> AAL | Q96: =IFERROR(__xludf.DUMMYFUNCTION("""COMPUTED_VALUE"""),"NO ECAC") -> NO ECAC
A97: =IFERROR(__xludf.DUMMYFUNCTION("""COMPUTED_VALUE"""),"VLG5RJ") -> VLG5RJ | B97: =IFERROR(__xludf.DUMMYFUNCTION("""COMPUTED_VALUE"""),"A320") -> A320 | C97: =IFERROR(__xludf.DUMMYFUNCTION("""COMPUTED_VALUE"""),"LEXJ") -> LEXJ | D97: =IFERROR(__xludf.DUMMYFUNCTION("""COMPUTED_VALUE"""),"LEBL") -> LEBL | E97: =IFERROR(__xludf.DUMMYFUNCTION("""COMPUTED_VALUE"""),"ECMEL") -> ECMEL | F97: =IFERROR(__xludf.DUMMYFUNCTION("""COMPUTED_VALUE"""),300.0) -> 300 | G97: =IFERROR(__xludf.DUMMYFUNCTION("""COMPUTED_VALUE"""),0.2951388888888889) -> 0.29513889 | H97: =IFERROR(__xludf.DUMMYFUNCTION("""COMPUTED_VALUE"""),5.0) -> 5 | I97: =IFERROR(__xludf.DUMMYFUNCTION("""COMPUTED_VALUE"""),0.3298611111111111) -> 0.32986111 | J97: =IFERROR(__xludf.DUMMYFUNCTION("""COMPUTED_VALUE"""),"D") -> D | K97: =IFERROR(__xludf.DUMMYFUNCTION("""COMPUTED_VALUE"""),173.0) -> 173 | L97: =IFERROR(__xludf.DUMMYFUNCTION("""COMPUTED_VALUE"""),0.03472222222222221) -> 0.034722222 | M97: =IFERROR(__xludf.DUMMYFUNCTION("""COMPUTED_VALUE"""),0.01854166666666665) -> 0.018541667 | O97: =IFERROR(__xludf.DUMMYFUNCTION("""COMPUTED_VALUE"""),369.3499999999997) -> 369.35 | P97: =IFERROR(__xludf.DUMMYFUNCTION("""COMPUTED_VALUE"""),"VLG") -> VLG | Q97: =IFERROR(__xludf.DUMMYFUNCTION("""COMPUTED_VALUE"""),"ECAC") -> ECAC
A98: =IFERROR(__xludf.DUMMYFUNCTION("""COMPUTED_VALUE"""),"VLG404P") -> VLG404P | B98: =IFERROR(__xludf.DUMMYFUNCTION("""COMPUTED_VALUE"""),"A320") -> A320 | C98: =IFERROR(__xludf.DUMMYFUNCTION("""COMPUTED_VALUE"""),"LFPO") -> LFPO | D98: =IFERROR(__xludf.DUMMYFUNCTION("""COMPUTED_VALUE"""),"LEBL") -> LEBL | E98: =IFERROR(__xludf.DUMMYFUNCTION("""COMPUTED_VALUE"""),"ECLVU") -> ECLVU | F98: =IFERROR(__xludf.DUMMYFUNCTION("""COMPUTED_VALUE"""),390.0) -> 390 | G98: =IFERROR(__xludf.DUMMYFUNCTION("""COMPUTED_VALUE"""),0.2722222222222222) -> 0.27222222 | H98: =IFERROR(__xludf.DUMMYFUNCTION("""COMPUTED_VALUE"""),12.0) -> 12 | I98: =IFERROR(__xludf.DUMMYFUNCTION("""COMPUTED_VALUE"""),0.3298611111111111) -> 0.32986111 | J98: =IFERROR(__xludf.DUMMYFUNCTION("""COMPUTED_VALUE"""),"D") -> D | K98: =IFERROR(__xludf.DUMMYFUNCTION("""COMPUTED_VALUE"""),173.0) -> 173 | L98: =IFERROR(__xludf.DUMMYFUNCTION("""COMPUTED_VALUE"""),0.057638888888888906) -> 0.057638889 | M98: =IFERROR(__xludf.DUMMYFUNCTION("""COMPUTED_VALUE"""),0.03659722222222224) -> 0.036597222 | O98: =IFERROR(__xludf.DUMMYFUNCTION("""COMPUTED_VALUE"""),729.016666666667) -> 729.01667 | P98: =IFERROR(__xludf.DUMMYFUNCTION("""COMPUTED_VALUE"""),"VLG") -> VLG | Q98: =IFERROR(__xludf.DUMMYFUNCTION("""COMPUTED_VALUE"""),"ECAC") -> ECAC
A99: =IFERROR(__xludf.DUMMYFUNCTION("""COMPUTED_VALUE"""),"WZZ3081") -> WZZ3081 | B99: =IFERROR(__xludf.DUMMYFUNCTION("""COMPUTED_VALUE"""),"A21N") -> A21N | C99: =IFERROR(__xludf.DUMMYFUNCTION("""COMPUTED_VALUE"""),"EPKK") -> EPKK | D99: =IFERROR(__xludf.DUMMYFUNCTION("""COMPUTED_VALUE"""),"LEBL") -> LEBL | E99: =IFERROR(__xludf.DUMMYFUNCTION("""COMPUTED_VALUE"""),"9HWAF") -> 9HWAF | F99: =IFERROR(__xludf.DUMMYFUNCTION("""COMPUTED_VALUE"""),370.0) -> 370 | G99: =IFERROR(__xludf.DUMMYFUNCTION("""COMPUTED_VALUE"""),0.23333333333333334) -> 0.23333333 | H99: =IFERROR(__xludf.DUMMYFUNCTION("""COMPUTED_VALUE"""),17.0) -> 17 | I99: =IFERROR(__xludf.DUMMYFUNCTION("""COMPUTED_VALUE"""),0.3298611111111111) -> 0.32986111 | J99: =IFERROR(__xludf.DUMMYFUNCTION("""COMPUTED_VALUE"""),"D") -> D | K99: =IFERROR(__xludf.DUMMYFUNCTION("""COMPUTED_VALUE"""),200.0) -> 200 | L99: =IFERROR(__xludf.DUMMYFUNCTION("""COMPUTED_VALUE"""),0.09652777777777777) -> 0.096527778 | M99: =IFERROR(__xludf.DUMMYFUNCTION("""COMPUTED_VALUE"""),0.07201388888888888) -> 0.072013889 | O99: =IFERROR(__xludf.DUMMYFUNCTION("""COMPUTED_VALUE"""),1434.5166666666664) -> 1434.5167 | P99: =IFERROR(__xludf.DUMMYFUNCTION("""COMPUTED_VALUE"""),"WZZ") -> WZZ | Q99: =IFERROR(__xludf.DUMMYFUNCTION("""COMPUTED_VALUE"""),"ECAC") -> ECAC
A100: =IFERROR(__xludf.DUMMYFUNCTION("""COMPUTED_VALUE"""),"EZY53KT") -> EZY53KT | B100: =IFERROR(__xludf.DUMMYFUNCTION("""COMPUTED_VALUE"""),"A319") -> A319 | C100: =IFERROR(__xludf.DUMMYFUNCTION("""COMPUTED_VALUE"""),"EGGW") -> EGGW | D100: =IFERROR(__xludf.DUMMYFUNCTION("""COMPUTED_VALUE"""),"LEBL") -> LEBL | E100: =IFERROR(__xludf.DUMMYFUNCTION("""COMPUTED_VALUE"""),"GEZAN") -> GEZAN | F100: =IFERROR(__xludf.DUMMYFUNCTION("""COMPUTED_VALUE"""),330.0) -> 330 | G100: =IFERROR(__xludf.DUMMYFUNCTION("""COMPUTED_VALUE"""),0.2638888888888889) -> 0.26388889 | H100: =IFERROR(__xludf.DUMMYFUNCTION("""COMPUTED_VALUE"""),14.0) -> 14 | I100: =IFERROR(__xludf.DUMMYFUNCTION("""COMPUTED_VALUE"""),0.3333333333333333) -> 0.33333333 | J100: =IFERROR(__xludf.DUMMYFUNCTION("""COMPUTED_VALUE"""),"D") -> D | K100: =IFERROR(__xludf.DUMMYFUNCTION("""COMPUTED_VALUE"""),144.0) -> 144 | L100: =IFERROR(__xludf.DUMMYFUNCTION("""COMPUTED_VALUE"""),0.06944444444444442) -> 0.069444444 | M100: =IFERROR(__xludf.DUMMYFUNCTION("""COMPUTED_VALUE"""),0.04701388888888886) -> 0.047013889 | O100: =IFERROR(__xludf.DUMMYFUNCTION("""COMPUTED_VALUE"""),936.5166666666662) -> 936.51667 | P100: =IFERROR(__xludf.DUMMYFUNCTION("""COMPUTED_VALUE"""),"EZY") -> EZY | Q100: =IFERROR(__xludf.DUMMYFUNCTION("""COMPUTED_VALUE"""),"ECAC") -> ECAC
...

Sheet Paises ECAC
A1: País | B1: Código de ICAO
A2: Albania | B2: LATI
A3: Alemania | B3: EDJA
A4: Alemania | B4: EDDB
A5: Alemania | B5: EDDW
A6: Alemania | B6: EDDK
A7: Alemania | B7: EDLW
A8: Alemania | B8: EDDC
A9: Alemania | B9: EDDL
A10: Alemania | B10: EDDF
A11: Alemania | B11: EDFH
A12: Alemania | B12: EDNY
... A263: Ucrania | B263: UKOO

Sheet cat
B1: f | C1: recat | D1: size_seats_avg
A2: 1 | B2: A140 | C2: E | D2: 52
A3: 2 | B3: A148 | C3: E | D3: 74
A4: 3 | B4: A306 | C4: C | D4: 253
A5: 4 | B5: A310 | C5: C | D5: 226
A6: 5 | B6: A318 | C6: D | D6: 122
A7: 6 | B7: A319 | C7: D | D7: 144
A8: 7 | B8: A320 | C8: D | D8: 173
A9: 8 | B9: A321 | C9: D | D9: 207
A10: 9 | B10: A332 | C10: B | D10: 281
A11: 10 | B11: A333 | C11: B | D11: 284
A12: 11 | B12: A340 | C12: B | D12: 271
A13: 12 | B13: A343 | C13: B | D13: 259
... A129: 128 | B129: GL7T | C129: E | D129: 16
